User input	Coordinates	Codons	Transcript ID	Protein ID	Substitution	Region	dbSNP ID	SNP Type	Prediction	SIFT Score	Median Information Content	# Seqs at position	Gene ID	Gene Name	Protein Family ID	Protein Family Desc	User Comment
1,7909737,1,C/T	1,7909737,1,C/T	AGT-AaT	ENST00000054668	ENSP00000054668	S89N	EXON CDS	rs2890565:T;CM032391:HGMD_MUTATION	Nonsynonymous	TOLERATED	0.27	3.17	21	ENSG00000049247	UTS2	ENSFM00500000279689	UROTENSIN 2 PRECURSOR UROTENSIN II U II UII	
1,7909737,1,C/T	1,7909737,1,C/T	AGT-AaT	ENST00000054668	ENSP00000054668	S89N	EXON CDS	rs2890565:T;CM032391:HGMD_MUTATION	Nonsynonymous	TOLERATED	0.27	3.17	21	ENSG00000049247	UTS2	ENSFM00500000279689	UROTENSIN 2 PRECURSOR UROTENSIN II U II UII	
1,9017204,1,A/G	1,9017204,1,A/G	AGC-gGC	ENST00000377436	ENSP00000366654	S90G	EXON CDS	rs2274333:G;CM065045:HGMD_MUTATION	Nonsynonymous	TOLERATED	0.13	2.59	105	ENSG00000131686	CA6	ENSFM00500000271221	CARBONIC ANHYDRASE 6 EC_4.2.1.1 CARBONATE DEHYDRATASE VI CARBONIC ANHYDRASE VI CA VI SALIVARY CARBONIC ANHYDRASE SECRETED CARBONIC ANHYDRASE	
1,9017204,1,A/G	1,9017204,1,A/G	AGC-gGC	ENST00000377436	ENSP00000366654	S90G	EXON CDS	rs2274333:G;CM065045:HGMD_MUTATION	Nonsynonymous	TOLERATED	0.13	2.59	105	ENSG00000131686	CA6	ENSFM00500000271221	CARBONIC ANHYDRASE 6 EC_4.2.1.1 CARBONATE DEHYDRATASE VI CARBONIC ANHYDRASE VI CA VI SALIVARY CARBONIC ANHYDRASE SECRETED CARBONIC ANHYDRASE	
1,9017204,1,A/G	1,9017204,1,A/G	AGC-gGC	ENST00000377436	ENSP00000366654	S90G	EXON CDS	rs2274333:G;CM065045:HGMD_MUTATION	Nonsynonymous	TOLERATED	0.13	2.59	105	ENSG00000131686	CA6	ENSFM00500000271221	CARBONIC ANHYDRASE 6 EC_4.2.1.1 CARBONATE DEHYDRATASE VI CARBONIC ANHYDRASE VI CA VI SALIVARY CARBONIC ANHYDRASE SECRETED CARBONIC ANHYDRASE	
1,11856378,1,G/A	1,11856378,1,G/A	GCC-GtC	ENST00000376583	ENSP00000365767	A263V	EXON CDS	rs1801133:A;CM950819:HGMD_MUTATION	Nonsynonymous	DAMAGING	0.05	2.82	131	ENSG00000177000	MTHFR	ENSFM00250000003343	METHYLENETETRAHYDROFOLATE REDUCTASE EC_1.5.1.20	
1,15668276,1,G/A	1,15668276,1,G/A	GGA-aGA	ENST00000358897	ENSP00000351770	G651R	EXON CDS	rs763821:A	Nonsynonymous	TOLERATED	0.53	1.42	130	ENSG00000142621	FHAD1	ENSFM00470000251475	FORKHEAD ASSOCIATED DOMAIN CONTAINING 1 FHA DOMAIN CONTAINING 1	
1,32672908,1,T/G	1,32672908,1,T/G	TTC-TgC	ENST00000291358	ENSP00000291358	F209C	EXON CDS	rs3903683:G	Nonsynonymous	TOLERATED	1	3.55	16	ENSG00000160051	IQCC	ENSFM00250000010072	IQ DOMAIN CONTAINING C	
1,32672908,1,T/G	1,32672908,1,T/G	TTC-TgC	ENST00000291358	ENSP00000291358	F209C	EXON CDS	rs3903683:G	Nonsynonymous	TOLERATED	1	3.55	16	ENSG00000160051	IQCC	ENSFM00250000010072	IQ DOMAIN CONTAINING C	
1,32740366,1,G/A	1,32740366,1,G/A	CGG-CaG	ENST00000333070	ENSP00000328213	R45Q	EXON CDS	novel	Nonsynonymous	TOLERATED	0.59	3.39	220	ENSG00000182866	LCK	ENSFM00250000000068	TYROSINE KINASE EC_2.7.10.2	
1,32740366,1,G/A	1,32740366,1,G/A	CGG-CaG	ENST00000333070	ENSP00000328213	R45Q	EXON CDS	novel	Nonsynonymous	TOLERATED	0.59	3.39	220	ENSG00000182866	LCK	ENSFM00250000000068	TYROSINE KINASE EC_2.7.10.2	
1,153320372,1,T/G	1,153320372,1,T/G	ATC-cTC	ENST00000359650	ENSP00000352672	I13L	EXON CDS	rs3006458:G	Nonsynonymous	TOLERATED	1	3.78	29	ENSG00000163218	PGLYRP4	ENSFM00500000271660	PEPTIDOGLYCAN RECOGNITION 3 PRECURSOR PEPTIDOGLYCAN RECOGNITION I ALPHA PGLYRPIALPHA PGRP I ALPHA PEPTIDOGLYCAN RECOGNITION INTERMEDIATE ALPHA	
1,158324425,1,A/G	1,158324425,1,A/G	CAG-CgG	ENST00000368155	ENSP00000357137	Q106R	EXON CDS	rs1065457:G;CM067657:HGMD_MUTATION	Nonsynonymous	TOLERATED	1	2.62	143	ENSG00000158488	CD1E	ENSFM00250000001219	T CELL SURFACE GLYCOPROTEIN PRECURSOR ANTIGEN	
1,158324425,1,A/G	1,158324425,1,A/G	CAG-CgG	ENST00000368155	ENSP00000357137	Q106R	EXON CDS	rs1065457:G;CM067657:HGMD_MUTATION	Nonsynonymous	TOLERATED	1	2.62	143	ENSG00000158488	CD1E	ENSFM00250000001219	T CELL SURFACE GLYCOPROTEIN PRECURSOR ANTIGEN	
1,158324425,1,A/G	1,158324425,1,A/G	CAG-CgG	ENST00000368155	ENSP00000357137	Q106R	EXON CDS	rs1065457:G;CM067657:HGMD_MUTATION	Nonsynonymous	TOLERATED	1	2.62	143	ENSG00000158488	CD1E	ENSFM00250000001219	T CELL SURFACE GLYCOPROTEIN PRECURSOR ANTIGEN	
1,158324425,1,A/G	1,158324425,1,A/G	CAG-CgG	ENST00000368155	ENSP00000357137	Q106R	EXON CDS	rs1065457:G;CM067657:HGMD_MUTATION	Nonsynonymous	TOLERATED	1	2.62	143	ENSG00000158488	CD1E	ENSFM00250000001219	T CELL SURFACE GLYCOPROTEIN PRECURSOR ANTIGEN	
1,158324425,1,A/G	1,158324425,1,A/G	CAG-CgG	ENST00000368155	ENSP00000357137	Q106R	EXON CDS	rs1065457:G;CM067657:HGMD_MUTATION	Nonsynonymous	TOLERATED	1	2.62	143	ENSG00000158488	CD1E	ENSFM00250000001219	T CELL SURFACE GLYCOPROTEIN PRECURSOR ANTIGEN	
1,158324425,1,A/G	1,158324425,1,A/G	CAG-CgG	ENST00000368155	ENSP00000357137	Q106R	EXON CDS	rs1065457:G;CM067657:HGMD_MUTATION	Nonsynonymous	TOLERATED	1	2.62	143	ENSG00000158488	CD1E	ENSFM00250000001219	T CELL SURFACE GLYCOPROTEIN PRECURSOR ANTIGEN	
1,158324425,1,A/G	1,158324425,1,A/G	CAG-CgG	ENST00000368155	ENSP00000357137	Q106R	EXON CDS	rs1065457:G;CM067657:HGMD_MUTATION	Nonsynonymous	TOLERATED	1	2.62	143	ENSG00000158488	CD1E	ENSFM00250000001219	T CELL SURFACE GLYCOPROTEIN PRECURSOR ANTIGEN	
1,161068836,1,A/C	1,161068836,1,A/C	AGC-cGC	ENST00000368011	ENSP00000356990	S171R	EXON CDS	rs11576830:C	Nonsynonymous	TOLERATED	0.53	1.97	43	ENSG00000162755	KLHDC9	ENSFM00250000008727	KELCH DOMAIN CONTAINING 9	
1,161068836,1,A/C	1,161068836,1,A/C	AGC-cGC	ENST00000368011	ENSP00000356990	S171R	EXON CDS	rs11576830:C	Nonsynonymous	TOLERATED	0.53	1.97	43	ENSG00000162755	KLHDC9	ENSFM00250000008727	KELCH DOMAIN CONTAINING 9	
1,208391254,1,C/T	1,208391254,1,C/T	CGG-CaG	ENST00000367033	ENSP00000356000	R5Q	EXON CDS	rs2782948:T	Nonsynonymous	DAMAGING *Warning! Low confidence.	0.02	4.32	20	ENSG00000076356	PLXNA2	ENSFM00250000000241	PLEXIN PRECURSOR	
1,242042545,1,A/G	1,242042545,1,A/G	GAG-GgG	ENST00000348581	ENSP00000311873	E670G	EXON CDS	rs1776148:G	Nonsynonymous	TOLERATED	0.39	2.42	42	ENSG00000174371	EXO1	ENSFM00250000003781	1 EC_3.1.-.- EXONUCLEASE I	
1,242042545,1,A/G	1,242042545,1,A/G	GAG-GgG	ENST00000348581	ENSP00000311873	E670G	EXON CDS	rs1776148:G	Nonsynonymous	TOLERATED	0.39	2.42	42	ENSG00000174371	EXO1	ENSFM00250000003781	1 EC_3.1.-.- EXONUCLEASE I	
1,242042545,1,A/G	1,242042545,1,A/G	GAG-GgG	ENST00000348581	ENSP00000311873	E670G	EXON CDS	rs1776148:G	Nonsynonymous	TOLERATED	0.39	2.42	42	ENSG00000174371	EXO1	ENSFM00250000003781	1 EC_3.1.-.- EXONUCLEASE I	
1,248084627,1,C/T	1,248084627,1,C/T	CCC-CtC	ENST00000319968	ENSP00000326225	P103L	EXON CDS	rs61857490:T	Nonsynonymous	TOLERATED	1	2.95	326	ENSG00000177462	OR2T8	ENSFM00260000050345	OLFACTORY RECEPTOR OLFACTORY RECEPTOR	
1,248637115,1,T/C	1,248637115,1,T/C	GTT-GcT	ENST00000359594	ENSP00000352604	V155A	EXON CDS	rs79056151:C	Nonsynonymous	TOLERATED	0.28	2.87	329	ENSG00000196539	OR2T3	ENSFM00260000050345	OLFACTORY RECEPTOR OLFACTORY RECEPTOR	
1,248813827,1,T/C	1,248813827,1,T/C	TAT-TgT	ENST00000344889	ENSP00000342008	Y120C	EXON CDS	rs1782241:C;rs61834488:C	Nonsynonymous	DAMAGING	0.03	2.84	336	ENSG00000187701	OR2T27	ENSFM00260000050345	OLFACTORY RECEPTOR OLFACTORY RECEPTOR	
2,45895,1,A/G	2,45895,1,A/G	ATC-AcC	ENST00000327669	ENSP00000328347	I164T	EXON CDS	rs4241318:G	Nonsynonymous	TOLERATED	0.74	2.67	22	ENSG00000184731	FAM110C	ENSFM00500000274412	UNKNOWN	
2,58316814,1,A/G	2,58316814,1,A/G	ATA-gTA	ENST00000340157	ENSP00000342381	I167V	EXON CDS	rs1051061:G	Nonsynonymous	TOLERATED	0.09	2.49	110	ENSG00000028116	VRK2	ENSFM00260000050534	SERINE/THREONINE KINASE EC_2.7.11.1 VACCINIA RELATED KINASE	
2,58316814,1,A/G	2,58316814,1,A/G	ATA-gTA	ENST00000340157	ENSP00000342381	I167V	EXON CDS	rs1051061:G	Nonsynonymous	TOLERATED	0.09	2.49	110	ENSG00000028116	VRK2	ENSFM00260000050534	SERINE/THREONINE KINASE EC_2.7.11.1 VACCINIA RELATED KINASE	
2,58316814,1,A/G	2,58316814,1,A/G	ATA-gTA	ENST00000340157	ENSP00000342381	I167V	EXON CDS	rs1051061:G	Nonsynonymous	TOLERATED	0.09	2.49	110	ENSG00000028116	VRK2	ENSFM00260000050534	SERINE/THREONINE KINASE EC_2.7.11.1 VACCINIA RELATED KINASE	
2,58316814,1,A/G	2,58316814,1,A/G	ATA-gTA	ENST00000340157	ENSP00000342381	I167V	EXON CDS	rs1051061:G	Nonsynonymous	TOLERATED	0.09	2.49	110	ENSG00000028116	VRK2	ENSFM00260000050534	SERINE/THREONINE KINASE EC_2.7.11.1 VACCINIA RELATED KINASE	
2,58316814,1,A/G	2,58316814,1,A/G	ATA-gTA	ENST00000340157	ENSP00000342381	I167V	EXON CDS	rs1051061:G	Nonsynonymous	TOLERATED	0.09	2.49	110	ENSG00000028116	VRK2	ENSFM00260000050534	SERINE/THREONINE KINASE EC_2.7.11.1 VACCINIA RELATED KINASE	
2,68385097,1,A/G	2,68385097,1,A/G	AGG-cGG	ENST00000263657	ENSP00000263657	R11R	EXON CDS	rs2044693:G	Synonymous	TOLERATED	0.51	3.32	53	ENSG00000115946	PNO1	ENSFM00250000004321	RNA	
2,69659126,1,A/T	2,69659126,1,A/T	ATG-AaG	ENST00000303698	ENSP00000306965	M1K	EXON CDS	rs4453725:T	Nonsynonymous	DAMAGING *Warning! Low confidence.	0.01	3.8	15	ENSG00000169599	NFU1	ENSFM00500000270745	NFU1 IRON SULFUR CLUSTER SCAFFOLD HOMOLOG MITOCHONDRIAL PRECURSOR	
2,69659126,1,A/T	2,69659126,1,A/T	ATG-AaG	ENST00000303698	ENSP00000306965	M1K	EXON CDS	rs4453725:T	Nonsynonymous	DAMAGING *Warning! Low confidence.	0.01	3.8	15	ENSG00000169599	NFU1	ENSFM00500000270745	NFU1 IRON SULFUR CLUSTER SCAFFOLD HOMOLOG MITOCHONDRIAL PRECURSOR	
2,202252539,1,G/A	2,202252539,1,G/A	ACA-AtA	ENST00000332624	ENSP00000328875	T528I	EXON CDS	rs2244438:A	Nonsynonymous	DAMAGING	0.01	2.67	84	ENSG00000115993	TRAK2	ENSFM00250000001110	TRAFFICKING KINESIN BINDING 2 AMYOTROPHIC LATERAL SCLEROSIS 2 CHROMOSOMAL REGION CANDIDATE GENE 3	
3,53857917,1,T/G	3,53857917,1,T/G	GAG-GcG	ENST00000315251	ENSP00000319851	E40A	EXON CDS	rs9001:G	Nonsynonymous	DAMAGING	0.05	3.04	330	ENSG00000016391	CHDH	ENSFM00500000269739	GLUCOSE DEHYDROGENASE [ACCEPTOR] PRECURSOR EC_1.1.99.10 [CONTAINS GLUCOSE DEHYDROGENASE [ACCEPTOR] SHORT PROTEIN]	
3,119379186,1,C/T	3,119379186,1,C/T	GTC-aTC	ENST00000264231	ENSP00000264231	V29I	EXON CDS	rs4688023:T	Nonsynonymous	TOLERATED	0.91	2.19	87	ENSG00000121577	POPDC2	ENSFM00500000270425	POPEYE DOMAIN CONTAINING POPEYE	
3,124627024,1,T/G	3,124627024,1,T/G	AGA-AGc	ENST00000311075	ENSP00000312235	R502S	EXON CDS	CM066581:HGMD_MUTATION;rs1127233:G	Nonsynonymous	TOLERATED	1	2.97	22	ENSG00000173702	MUC13	ENSFM00250000008312	MUCIN 13 PRECURSOR MUC 13	
3,128781048,1,G/A	3,128781048,1,G/A	GCC-aCC	ENST00000307395	ENSP00000303942	A156T	EXON CDS	CM014862:HGMD_MUTATION;rs3796130:A	Nonsynonymous	TOLERATED	0.22	2.95	21	ENSG00000169704	GP9	ENSFM00500000277368	PLATELET GLYCOPROTEIN IX PRECURSOR GP IX GPIX GLYCOPROTEIN 9 CD42A ANTIGEN	
3,157081324,1,A/G	3,157081324,1,A/G	TCA-cCA	ENST00000362010	ENSP00000354919	S522P	EXON CDS	rs11918974:G	Nonsynonymous	TOLERATED	1	2.89	41	ENSG00000197415	VEPH1	ENSFM00250000002883	VENTRICULAR ZONE EXPRESSED PH DOMAIN CONTAINING MELTED	
3,157081324,1,A/G	3,157081324,1,A/G	TCA-cCA	ENST00000362010	ENSP00000354919	S522P	EXON CDS	rs11918974:G	Nonsynonymous	TOLERATED	1	2.89	41	ENSG00000197415	VEPH1	ENSFM00250000002883	VENTRICULAR ZONE EXPRESSED PH DOMAIN CONTAINING MELTED	
3,157081324,1,A/G	3,157081324,1,A/G	TCA-cCA	ENST00000362010	ENSP00000354919	S522P	EXON CDS	rs11918974:G	Nonsynonymous	TOLERATED	1	2.89	41	ENSG00000197415	VEPH1	ENSFM00250000002883	VENTRICULAR ZONE EXPRESSED PH DOMAIN CONTAINING MELTED	
4,7716061,1,C/T	4,7716061,1,C/T	ACG-AtG	ENST00000329016	ENSP00000329124	T523M	EXON CDS	rs16840892:T	Nonsynonymous	TOLERATED	0.14	2.85	119	ENSG00000184985	SORCS2	ENSFM00250000000793	VPS10 DOMAIN CONTAINING RECEPTOR PRECURSOR	
4,41259633,1,C/A	4,41259633,1,C/A	TCC-TaC	ENST00000284440	ENSP00000284440	S18Y	EXON CDS	rs5030732:A;CM994452:HGMD_MUTATION	Nonsynonymous	TOLERATED	0.37	2.15	184	ENSG00000154277	UCHL1	ENSFM00550000743168	UBIQUITIN CARBOXYL TERMINAL HYDROLASE ISOZYME L1 UCH L1 EC_3.4.19.12 EC 6 UBIQUITIN THIOESTERASE L1	
4,56502307,1,G/T	4,56502307,1,G/T	GCG-GaG	ENST00000264218	ENSP00000264218	A18E	EXON CDS	rs3828555:T	Nonsynonymous	DAMAGING *Warning! Low confidence.	0.03	3.52	16	ENSG00000109255	NMU	ENSFM00600000921849	NEUROMEDIN U PRECURSOR[CONTAINS NEUROMEDIN U NMU ]	
4,57843295,1,C/A	4,57843295,1,C/A	GCC-tCC	ENST00000264230	ENSP00000264230	A153S	EXON CDS	rs3733306:A	Nonsynonymous	TOLERATED	0.08	2.45	141	ENSG00000084092	C4orf14	ENSFM00250000003955	UNCHARACTERIZED	
4,69512847,1,T/G	4,69512847,1,T/G	AAA-AcA	ENST00000338206	ENSP00000341045	K523T	EXON CDS	rs4148269:G	Nonsynonymous	TOLERATED	0.47	2.87	297	ENSG00000196620	UGT2B15	ENSFM00500000269623	UDP GLUCURONOSYLTRANSFERASE PRECURSOR UDPGT EC_2.4.1.17	
4,79832706,1,C/G	4,79832706,1,C/G	ACT-AgT	ENST00000335016	ENSP00000334836	T1002S	EXON CDS	rs12507099:G	Nonsynonymous	TOLERATED	0.35	2.84	26	ENSG00000138756	BMP2K	ENSFM00250000001445	KINASE	
4,95170839,1,G/A	4,95170839,1,G/A	AGT-AaT	ENST00000354268	ENSP00000346217	S247N	EXON CDS	rs11722476:A	Nonsynonymous	TOLERATED	0.5	2.07	60	ENSG00000163104	SMARCAD1	ENSFM00410000138550	ATP DEPENDENT HELICASE	
4,95170839,1,G/A	4,95170839,1,G/A	AGT-AaT	ENST00000354268	ENSP00000346217	S247N	EXON CDS	rs11722476:A	Nonsynonymous	TOLERATED	0.5	2.07	60	ENSG00000163104	SMARCAD1	ENSFM00410000138550	ATP DEPENDENT HELICASE	
4,95170839,1,G/A	4,95170839,1,G/A	AGT-AaT	ENST00000354268	ENSP00000346217	S247N	EXON CDS	rs11722476:A	Nonsynonymous	TOLERATED	0.5	2.07	60	ENSG00000163104	SMARCAD1	ENSFM00410000138550	ATP DEPENDENT HELICASE	
4,95173779,1,T/C	4,95173779,1,T/C	GTA-GcA	ENST00000354268	ENSP00000346217	V301A	EXON CDS	rs7439869:C	Nonsynonymous	TOLERATED	0.92	2.06	62	ENSG00000163104	SMARCAD1	ENSFM00410000138550	ATP DEPENDENT HELICASE	
4,95173779,1,T/C	4,95173779,1,T/C	GTA-GcA	ENST00000354268	ENSP00000346217	V301A	EXON CDS	rs7439869:C	Nonsynonymous	TOLERATED	0.92	2.06	62	ENSG00000163104	SMARCAD1	ENSFM00410000138550	ATP DEPENDENT HELICASE	
4,95173779,1,T/C	4,95173779,1,T/C	GTA-GcA	ENST00000354268	ENSP00000346217	V301A	EXON CDS	rs7439869:C	Nonsynonymous	TOLERATED	0.92	2.06	62	ENSG00000163104	SMARCAD1	ENSFM00410000138550	ATP DEPENDENT HELICASE	
4,120214030,1,T/G	4,120214030,1,T/G	AGT-AGg	ENST00000274030	ENSP00000274030	S962R	EXON CDS	rs3749591:G	Nonsynonymous	TOLERATED	0.06	3.06	28	ENSG00000145390	USP53	ENSFM00250000002075	INACTIVE UBIQUITIN CARBOXYL TERMINAL HYDROLASE INACTIVE UBIQUITIN SPECIFIC PEPTIDASE	
4,122250734,1,A/G	4,122250734,1,A/G	TTG-TcG	ENST00000394427	ENSP00000377948	L344S	EXON CDS	rs2302310:G	Nonsynonymous	TOLERATED	0.5	1.68	137	ENSG00000186867	QRFPR	ENSFM00500000271576	PYROGLUTAMYLATED RFAMIDE PEPTIDE RECEPTOR AQ27 G COUPLED RECEPTOR 103 OREXIGENIC NEUROPEPTIDE QRFP RECEPTOR	
4,123664204,1,G/A	4,123664204,1,G/A	CGG-CaG	ENST00000314218	ENSP00000319062	R386Q	EXON CDS	rs309370:A	Nonsynonymous	TOLERATED	0.59	2.43	76	ENSG00000181004	BBS12	ENSFM00250000007554	BARDET BIEDL SYNDROME 12	
4,123664204,1,G/A	4,123664204,1,G/A	CGG-CaG	ENST00000314218	ENSP00000319062	R386Q	EXON CDS	rs309370:A	Nonsynonymous	TOLERATED	0.59	2.43	76	ENSG00000181004	BBS12	ENSFM00250000007554	BARDET BIEDL SYNDROME 12	
5,16769273,1,G/A	5,16769273,1,G/A	CGG-tGG	ENST00000513610	ENSP00000421280	R324W	EXON CDS	rs11750538:A	Nonsynonymous	TOLERATED	0.12	2.73	117	ENSG00000145555	MYO10	ENSFM00600000921178	MYOSIN	
5,35965970,1,A/C	5,35965970,1,A/C	TGT-gGT	ENST00000274278	ENSP00000274278	C121G	EXON CDS	rs3756669:C	Nonsynonymous	DAMAGING	0	2.72	271	ENSG00000145626	UGT3A1	ENSFM00500000271547	UDP GLUCURONOSYLTRANSFERASE PRECURSOR UDPGT EC_2.4.1.17	
5,35965970,1,A/C	5,35965970,1,A/C	TGT-gGT	ENST00000274278	ENSP00000274278	C121G	EXON CDS	rs3756669:C	Nonsynonymous	DAMAGING	0	2.72	271	ENSG00000145626	UGT3A1	ENSFM00500000271547	UDP GLUCURONOSYLTRANSFERASE PRECURSOR UDPGT EC_2.4.1.17	
5,70858342,1,A/G	5,70858342,1,A/G	ACT-gCT	ENST00000358731	ENSP00000351575	T2580A	EXON CDS	rs115185087:G	Nonsynonymous	TOLERATED	1	2.97	24	ENSG00000145734	BDP1	ENSFM00250000002990	TRANSCRIPTION FACTOR TFIIIB COMPONENT B'' HOMOLOG TRANSCRIPTION FACTOR IIIB 150 TFIIIB150 TRANSCRIPTION FACTOR  NUCLEAR REGULATOR	
5,140186980,1,G/A	5,140186980,1,G/A	GGC-aGC	ENST00000356878	ENSP00000349344	G70S	EXON CDS	rs3822354:A	Nonsynonymous	DAMAGING	0.03	2.91	296	ENSG00000204967	PCDHA4	ENSFM00510000502734	PROTOCADHERIN ALPHA PRECURSOR PCDH ALPHA	
5,140186980,1,G/A	5,140186980,1,G/A	GGC-aGC	ENST00000356878	ENSP00000349344	G70S	EXON CDS	rs3822354:A	Nonsynonymous	DAMAGING	0.03	2.91	296	ENSG00000204967	PCDHA4	ENSFM00510000502734	PROTOCADHERIN ALPHA PRECURSOR PCDH ALPHA	
6,656555,1,G/T	6,656555,1,G/T	CAC-CAa	ENST00000380907	ENSP00000370293	H130Q	EXON CDS	rs1766848:T	Nonsynonymous	TOLERATED	0.9	1.57	112	ENSG00000188996	HUS1B	ENSFM00250000004580	CHECKPOINT HUS1	
6,1313117,1,A/C	6,1313117,1,A/C	ACG-cCG	ENST00000296839	ENSP00000296839	T60P	EXON CDS	rs9502889:C	Nonsynonymous	TOLERATED	0.28	2.74	22	ENSG00000164379	FOXQ1	ENSFM00500000273108	FORKHEAD BOX Q1 HNF 3/FORKHEAD  1 HFH 1 HEPATOCYTE NUCLEAR FACTOR 3 FORKHEAD HOMOLOG 1	
6,1313121,1,A/C	6,1313121,1,A/C	CAG-CcG	ENST00000296839	ENSP00000296839	Q61P	EXON CDS	rs9502890:C	Nonsynonymous	TOLERATED	0.28	2.74	22	ENSG00000164379	FOXQ1	ENSFM00500000273108	FORKHEAD BOX Q1 HNF 3/FORKHEAD  1 HFH 1 HEPATOCYTE NUCLEAR FACTOR 3 FORKHEAD HOMOLOG 1	
6,7246998,1,G/A	6,7246998,1,G/A	GGG-aGG	ENST00000349384	ENSP00000305560	G1384R	EXON CDS	rs2281833:A	Nonsynonymous	TOLERATED	0.36	2.1	144	ENSG00000124782	RREB1	ENSFM00570000851662	RAS RESPONSIVE ELEMENT BINDING 1 RREB 1 RESPONSIVE ZINC FINGER	
6,7246998,1,G/A	6,7246998,1,G/A	GGG-aGG	ENST00000349384	ENSP00000305560	G1384R	EXON CDS	rs2281833:A	Nonsynonymous	TOLERATED	0.36	2.1	144	ENSG00000124782	RREB1	ENSFM00570000851662	RAS RESPONSIVE ELEMENT BINDING 1 RREB 1 RESPONSIVE ZINC FINGER	
6,7246998,1,G/A	6,7246998,1,G/A	GGG-aGG	ENST00000349384	ENSP00000305560	G1384R	EXON CDS	rs2281833:A	Nonsynonymous	TOLERATED	0.36	2.1	144	ENSG00000124782	RREB1	ENSFM00570000851662	RAS RESPONSIVE ELEMENT BINDING 1 RREB 1 RESPONSIVE ZINC FINGER	
6,13814340,1,T/C	6,13814340,1,T/C	AGC-gGC	ENST00000359495	ENSP00000352475	S108G	EXON CDS	rs1204145:C	Nonsynonymous	TOLERATED	1	4.06	15	ENSG00000050393	CCDC90A	ENSFM00610000952921	COILED COIL DOMAIN CONTAINING MITOCHONDRIAL PRECURSOR	
6,31324531,1,C/T	6,31324531,1,C/T	GCC-aCC	ENST00000412585	ENSP00000399168	A93T	EXON CDS	rs1131204:G/T	Nonsynonymous	TOLERATED	0.31	4.23	333	ENSG00000234745	HLA-B	ENSFM00630001050538	HLA CLASS I HISTOCOMPATIBILITY ANTIGEN B ALPHA CHAIN PRECURSOR MHC CLASS I ANTIGEN	
6,90039670,1,G/C	6,90039670,1,G/C	CTC-gTC	ENST00000361333	ENSP00000354684	L229V	EXON CDS	rs10502:C	Nonsynonymous	TOLERATED	0.29	1.99	82	ENSG00000241519	UBE2J1	ENSFM00500000271527	UBIQUITIN CONJUGATING ENZYME E2 J1 EC_6.3.2.19 NON CANONICAL UBIQUITIN CONJUGATING ENZYME 1 NCUBE 1	
6,152469188,1,C/G	6,152469188,1,C/G	GGC-GcC	ENST00000265368	ENSP00000265368	G8323A	EXON CDS	rs2252755:G	Nonsynonymous	TOLERATED	0.33	2.28	46	ENSG00000131018	SYNE1	ENSFM00250000000542	NESPRIN 2 NUCLEAR ENVELOPE SPECTRIN REPEAT 2 NUCLEUS AND ACTIN CONNECTING ELEMENT PROTEIN NUANCE SYNAPTIC NUCLEAR ENVELOPE 2 SYNE 2	
6,152469188,1,C/G	6,152469188,1,C/G	GGC-GcC	ENST00000265368	ENSP00000265368	G8323A	EXON CDS	rs2252755:G	Nonsynonymous	TOLERATED	0.33	2.28	46	ENSG00000131018	SYNE1	ENSFM00250000000542	NESPRIN 2 NUCLEAR ENVELOPE SPECTRIN REPEAT 2 NUCLEUS AND ACTIN CONNECTING ELEMENT PROTEIN NUANCE SYNAPTIC NUCLEAR ENVELOPE 2 SYNE 2	
7,940181,1,C/T	7,940181,1,C/T	GGC-aGC	ENST00000265846	ENSP00000265846	G241S	EXON CDS	rs10256887:T	Nonsynonymous	TOLERATED	1	2.24	113	ENSG00000105963	ADAP1	ENSFM00250000002436	ARF GAP WITH DUAL PH DOMAIN CONTAINING 2 CENTAURIN ALPHA 2 CNT A2	
7,6193464,1,T/G	7,6193464,1,T/G	CTG-CgG	ENST00000306177	ENSP00000301962	L760R	EXON CDS	rs61732616:G	Nonsynonymous	TOLERATED	0.7	2.69	55	ENSG00000106346	USP42	ENSFM00250000001495	UBIQUITIN CARBOXYL TERMINAL HYDROLASE 36 EC_3.4.19.12 DEUBIQUITINATING ENZYME 36 UBIQUITIN THIOLESTERASE 36 UBIQUITIN SPECIFIC PROCESSING PROTEASE 36	
7,6590670,1,C/T	7,6590670,1,C/T	CGC-CaC	ENST00000457091	ENSP00000397351	R133H	EXON CDS	rs9690195:T	Nonsynonymous	DAMAGING	0.04	3.25	19	ENSG00000215045	GRID2IP	ENSFM00500000273079	DELPHILIN GLUTAMATE RECEPTOR IONOTROPIC DELTA 2 INTERACTING 1	
7,6621277,1,G/A	7,6621277,1,G/A	GTG-aTG	ENST00000335965	ENSP00000337475	V53M	EXON CDS	rs11559146:A	Nonsynonymous	TOLERATED	0.28	1.97	65	ENSG00000136247	ZDHHC4	ENSFM00400000131965	PROBABLE PALMITOYLTRANSFERASE ZDHHC4 EC_2.3.1.- ZINC FINGER DHHC DOMAIN CONTAINING 4 DHHC 4	
7,6621277,1,G/A	7,6621277,1,G/A	GTG-aTG	ENST00000335965	ENSP00000337475	V53M	EXON CDS	rs11559146:A	Nonsynonymous	TOLERATED	0.28	1.97	65	ENSG00000136247	ZDHHC4	ENSFM00400000131965	PROBABLE PALMITOYLTRANSFERASE ZDHHC4 EC_2.3.1.- ZINC FINGER DHHC DOMAIN CONTAINING 4 DHHC 4	
7,6621277,1,G/A	7,6621277,1,G/A	GTG-aTG	ENST00000335965	ENSP00000337475	V53M	EXON CDS	rs11559146:A	Nonsynonymous	TOLERATED	0.28	1.97	65	ENSG00000136247	ZDHHC4	ENSFM00400000131965	PROBABLE PALMITOYLTRANSFERASE ZDHHC4 EC_2.3.1.- ZINC FINGER DHHC DOMAIN CONTAINING 4 DHHC 4	
7,6621277,1,G/A	7,6621277,1,G/A	GTG-aTG	ENST00000335965	ENSP00000337475	V53M	EXON CDS	rs11559146:A	Nonsynonymous	TOLERATED	0.28	1.97	65	ENSG00000136247	ZDHHC4	ENSFM00400000131965	PROBABLE PALMITOYLTRANSFERASE ZDHHC4 EC_2.3.1.- ZINC FINGER DHHC DOMAIN CONTAINING 4 DHHC 4	
7,21582964,1,A/T	7,21582964,1,A/T	GAG-GtG	ENST00000328843	ENSP00000330671	E34V	EXON CDS	rs2285944:T	Nonsynonymous	TOLERATED	0.23	2.34	32	ENSG00000105877	DNAH11	ENSFM00540000717908	DYNEIN HEAVY CHAIN AXONEMAL AXONEMAL BETA DYNEIN HEAVY CHAIN CILIARY DYNEIN HEAVY CHAIN	
7,29070320,1,C/T	7,29070320,1,C/T	CGC-CaC	ENST00000265394	ENSP00000265394	R398H	EXON CDS	rs1052200:T	Nonsynonymous	TOLERATED	0.54	2.01	164	ENSG00000106066	CPVL	ENSFM00500000270881	PROBABLE SERINE CARBOXYPEPTIDASE CPVL PRECURSOR EC_3.4.16.-	
7,29070320,1,C/T	7,29070320,1,C/T	CGC-CaC	ENST00000265394	ENSP00000265394	R398H	EXON CDS	rs1052200:T	Nonsynonymous	TOLERATED	0.54	2.01	164	ENSG00000106066	CPVL	ENSFM00500000270881	PROBABLE SERINE CARBOXYPEPTIDASE CPVL PRECURSOR EC_3.4.16.-	
7,31682453,1,C/T	7,31682453,1,C/T	GCG-GtG	ENST00000319386	ENSP00000313062	A342V	EXON CDS	rs4141001:T	Nonsynonymous	TOLERATED	0.53	2.87	48	ENSG00000180347	CCDC129	ENSFM00250000008552	COILED COIL DOMAIN CONTAINING 129	
7,31682453,1,C/T	7,31682453,1,C/T	GCG-GtG	ENST00000319386	ENSP00000313062	A342V	EXON CDS	rs4141001:T	Nonsynonymous	TOLERATED	0.53	2.87	48	ENSG00000180347	CCDC129	ENSFM00250000008552	COILED COIL DOMAIN CONTAINING 129	
7,31682453,1,C/T	7,31682453,1,C/T	GCG-GtG	ENST00000319386	ENSP00000313062	A342V	EXON CDS	rs4141001:T	Nonsynonymous	TOLERATED	0.53	2.87	48	ENSG00000180347	CCDC129	ENSFM00250000008552	COILED COIL DOMAIN CONTAINING 129	
7,31683410,1,G/A	7,31683410,1,G/A	TGT-TaT	ENST00000319386	ENSP00000313062	C661Y	EXON CDS	rs10247620:A	Nonsynonymous	TOLERATED	1	2.94	31	ENSG00000180347	CCDC129	ENSFM00250000008552	COILED COIL DOMAIN CONTAINING 129	
7,31683410,1,G/A	7,31683410,1,G/A	TGT-TaT	ENST00000319386	ENSP00000313062	C661Y	EXON CDS	rs10247620:A	Nonsynonymous	TOLERATED	1	2.94	31	ENSG00000180347	CCDC129	ENSFM00250000008552	COILED COIL DOMAIN CONTAINING 129	
7,31683410,1,G/A	7,31683410,1,G/A	TGT-TaT	ENST00000319386	ENSP00000313062	C661Y	EXON CDS	rs10247620:A	Nonsynonymous	TOLERATED	1	2.94	31	ENSG00000180347	CCDC129	ENSFM00250000008552	COILED COIL DOMAIN CONTAINING 129	
7,53103371,1,G/T	7,53103371,1,G/T	GCT-tCT	ENST00000408890	ENSP00000386133	A3S	EXON CDS	rs72598684:T	Nonsynonymous	TOLERATED	0.15	3.34	11	ENSG00000221900	POM121L12	ENSFM00250000011933	UNKNOWN	
7,55229255,1,G/A	7,55229255,1,G/A	AGG-AaG	ENST00000275493	ENSP00000275493	R521K	EXON CDS	CM942312:HGMD_MUTATION	Nonsynonymous	TOLERATED	0.69	2.98	145	ENSG00000146648	EGFR	ENSFM00410000138465	RECEPTOR TYROSINE KINASE ERBB PRECURSOR EC_2.7.10.1 PROTO ONCOGENE C ERBB	
7,55229255,1,G/A	7,55229255,1,G/A	AGG-AaG	ENST00000275493	ENSP00000275493	R521K	EXON CDS	CM942312:HGMD_MUTATION	Nonsynonymous	TOLERATED	0.69	2.98	145	ENSG00000146648	EGFR	ENSFM00410000138465	RECEPTOR TYROSINE KINASE ERBB PRECURSOR EC_2.7.10.1 PROTO ONCOGENE C ERBB	
7,55229255,1,G/A	7,55229255,1,G/A	AGG-AaG	ENST00000275493	ENSP00000275493	R521K	EXON CDS	CM942312:HGMD_MUTATION	Nonsynonymous	TOLERATED	0.69	2.98	145	ENSG00000146648	EGFR	ENSFM00410000138465	RECEPTOR TYROSINE KINASE ERBB PRECURSOR EC_2.7.10.1 PROTO ONCOGENE C ERBB	
7,76144483,1,A/G	7,76144483,1,A/G	CAA-CgA	ENST00000257632	ENSP00000257632	Q293R	EXON CDS	rs1636632:G	Nonsynonymous	TOLERATED	1	4.32	5	ENSG00000243566	UPK3B	ENSFM00630001050676	UROPLAKIN 3B PRECURSOR UP3B UROPLAKIN IIIB UPIIIB P35	
7,76144483,1,A/G	7,76144483,1,A/G	CAA-CgA	ENST00000257632	ENSP00000257632	Q293R	EXON CDS	rs1636632:G	Nonsynonymous	TOLERATED	1	4.32	5	ENSG00000243566	UPK3B	ENSFM00630001050676	UROPLAKIN 3B PRECURSOR UP3B UROPLAKIN IIIB UPIIIB P35	
7,157959895,1,C/T	7,157959895,1,C/T	CGC-CaC	ENST00000389413	ENSP00000374064	R213H	EXON CDS	rs1130496:T	Nonsynonymous	TOLERATED	0.24	2.64	65	ENSG00000155093	PTPRN2	ENSFM00260000050522	RECEPTOR TYPE TYROSINE PHOSPHATASE PRECURSOR R PTP	
7,157959895,1,C/T	7,157959895,1,C/T	CGC-CaC	ENST00000389413	ENSP00000374064	R213H	EXON CDS	rs1130496:T	Nonsynonymous	TOLERATED	0.24	2.64	65	ENSG00000155093	PTPRN2	ENSFM00260000050522	RECEPTOR TYPE TYROSINE PHOSPHATASE PRECURSOR R PTP	
7,157959895,1,C/T	7,157959895,1,C/T	CGC-CaC	ENST00000389413	ENSP00000374064	R213H	EXON CDS	rs1130496:T	Nonsynonymous	TOLERATED	0.24	2.64	65	ENSG00000155093	PTPRN2	ENSFM00260000050522	RECEPTOR TYPE TYROSINE PHOSPHATASE PRECURSOR R PTP	
8,48710955,1,A/G	8,48710955,1,A/G	ATT-AcT	ENST00000314191	ENSP00000313420	I3433T	EXON CDS	rs7830743:G	Nonsynonymous	TOLERATED	0.87	2.82	47	ENSG00000253729	PRKDC	ENSFM00250000002645	DNA DEPENDENT KINASE CATALYTIC SUBUNIT DNA PK CATALYTIC SUBUNIT DNA PKCS EC_2.7.11.1	
8,48710955,1,A/G	8,48710955,1,A/G	ATT-AcT	ENST00000314191	ENSP00000313420	I3433T	EXON CDS	rs7830743:G	Nonsynonymous	TOLERATED	0.87	2.82	47	ENSG00000253729	PRKDC	ENSFM00250000002645	DNA DEPENDENT KINASE CATALYTIC SUBUNIT DNA PK CATALYTIC SUBUNIT DNA PKCS EC_2.7.11.1	
8,143922620,1,C/T	8,143922620,1,C/T	CGC-tGC	ENST00000220940	ENSP00000220940	R54C	EXON CDS	rs3764795:T	Nonsynonymous	TOLERATED	0.08	2.85	30	ENSG00000104499	GML	ENSFM00500000277690	GLYCOSYL PHOSPHATIDYLINOSITOL ANCHORED MOLECULE  PRECURSOR	
8,143956693,1,G/A	8,143956693,1,G/A	GCG-GtG	ENST00000292427	ENSP00000292427	A386V	EXON CDS	HM972177:HGMD_MUTATION;rs76151760:A;rs4541:A	Nonsynonymous	TOLERATED	0.6	1.82	180	ENSG00000160882	CYP11B1	ENSFM00500000269868	CHOLESTEROL SIDE CHAIN CLEAVAGE ENZYME MITOCHONDRIAL PRECURSOR EC_1.14.15.6 CYPXIA1 CHOLESTEROL DESMOLASE CYTOCHROME P450 11A1 CYTOCHROME P450 SCC	
8,143956693,1,G/A	8,143956693,1,G/A	GCG-GtG	ENST00000292427	ENSP00000292427	A386V	EXON CDS	HM972177:HGMD_MUTATION;rs76151760:A;rs4541:A	Nonsynonymous	TOLERATED	0.6	1.82	180	ENSG00000160882	CYP11B1	ENSFM00500000269868	CHOLESTEROL SIDE CHAIN CLEAVAGE ENZYME MITOCHONDRIAL PRECURSOR EC_1.14.15.6 CYPXIA1 CHOLESTEROL DESMOLASE CYTOCHROME P450 11A1 CYTOCHROME P450 SCC	
8,143961102,1,C/T	8,143961102,1,C/T	CGG-CaG	ENST00000292427	ENSP00000292427	R43Q	EXON CDS	HM972174:HGMD_MUTATION;rs4534:T	Nonsynonymous	TOLERATED	0.34	1.84	161	ENSG00000160882	CYP11B1	ENSFM00500000269868	CHOLESTEROL SIDE CHAIN CLEAVAGE ENZYME MITOCHONDRIAL PRECURSOR EC_1.14.15.6 CYPXIA1 CHOLESTEROL DESMOLASE CYTOCHROME P450 11A1 CYTOCHROME P450 SCC	
8,143961102,1,C/T	8,143961102,1,C/T	CGG-CaG	ENST00000292427	ENSP00000292427	R43Q	EXON CDS	HM972174:HGMD_MUTATION;rs4534:T	Nonsynonymous	TOLERATED	0.34	1.84	161	ENSG00000160882	CYP11B1	ENSFM00500000269868	CHOLESTEROL SIDE CHAIN CLEAVAGE ENZYME MITOCHONDRIAL PRECURSOR EC_1.14.15.6 CYPXIA1 CHOLESTEROL DESMOLASE CYTOCHROME P450 11A1 CYTOCHROME P450 SCC	
8,143994041,1,C/T	8,143994041,1,C/T	GGC-aGC	ENST00000323110	ENSP00000325822	G435S	EXON CDS	CM033362:HGMD_MUTATION;rs4545:T	Nonsynonymous	TOLERATED	0.75	1.89	143	ENSG00000179142	CYP11B2	ENSFM00500000269868	CHOLESTEROL SIDE CHAIN CLEAVAGE ENZYME MITOCHONDRIAL PRECURSOR EC_1.14.15.6 CYPXIA1 CHOLESTEROL DESMOLASE CYTOCHROME P450 11A1 CYTOCHROME P450 SCC	
8,144893084,1,G/A	8,144893084,1,G/A	CCC-CtC	ENST00000320476	ENSP00000322938	P422L	EXON CDS	rs6558394:A	Nonsynonymous	TOLERATED	0.29	2.66	81	ENSG00000180900	SCRIB	ENSFM00500000269735	AMBIGUOUS	
8,144893084,1,G/A	8,144893084,1,G/A	CCC-CtC	ENST00000320476	ENSP00000322938	P422L	EXON CDS	rs6558394:A	Nonsynonymous	TOLERATED	0.29	2.66	81	ENSG00000180900	SCRIB	ENSFM00500000269735	AMBIGUOUS	
9,12775889,1,A/G	9,12775889,1,A/G	AGC-gGC	ENST00000319264	ENSP00000321026	S59G	EXON CDS	rs3750501:G	Nonsynonymous	TOLERATED	0.62	3.28	32	ENSG00000153714	C9orf150	ENSFM00250000008016	UNCHARACTERIZED	
9,100388197,1,C/T	9,100388197,1,C/T	CGG-CaG	ENST00000341170	ENSP00000342499	R83Q	EXON CDS	rs2773347:T	Nonsynonymous	TOLERATED	1	3.3	26	ENSG00000136925	TSTD2	ENSFM00250000006478	THIOSULFATE SULFURTRANSFERASE/RHODANESE  DOMAIN CONTAINING 2	
9,131702891,1,A/G	9,131702891,1,A/G	GAA-GgA	ENST00000308941	ENSP00000309515	E193G	EXON CDS	rs2273866:G	Nonsynonymous	TOLERATED	0.4	2.64	114	ENSG00000175287	PHYHD1	ENSFM00250000003148	PHYTANOYL COA DIOXYGENASE DOMAIN CONTAINING 1 EC 1	
9,139752899,1,T/G	9,139752899,1,T/G	TGG-gGG	ENST00000317446	ENSP00000319388	W908G	EXON CDS	rs2275156:G	Nonsynonymous	TOLERATED	0.68	1.78	67	ENSG00000177943	MAMDC4	ENSFM00570000851892	UNKNOWN	
9,140243968,1,C/T	9,140243968,1,C/T	GTG-aTG	ENST00000340951	ENSP00000340474	V504M	EXON CDS	rs79140116:T	Nonsynonymous	TOLERATED	0.11	2.59	23	ENSG00000187609	EXD3	ENSFM00250000007592	PROBABLE EXONUCLEASE MUT 7 HOMOLOG EC_3.1.-.- EXONUCLEASE 3' 5' DOMAIN CONTAINING 3	
10,73115942,1,G/A	10,73115942,1,G/A	GTC-aTC	ENST00000373189	ENSP00000362285	V239I	EXON CDS	rs34040486:TG/CA;rs2252996:A	Nonsynonymous	TOLERATED	0.5	2.35	92	ENSG00000198246	SLC29A3	ENSFM00500000272189	EQUILIBRATIVE NUCLEOSIDE TRANSPORTER 3 SOLUTE CARRIER FAMILY 29 MEMBER 3	
10,73115942,1,G/A	10,73115942,1,G/A	GTC-aTC	ENST00000373189	ENSP00000362285	V239I	EXON CDS	rs34040486:TG/CA;rs2252996:A	Nonsynonymous	TOLERATED	0.5	2.35	92	ENSG00000198246	SLC29A3	ENSFM00500000272189	EQUILIBRATIVE NUCLEOSIDE TRANSPORTER 3 SOLUTE CARRIER FAMILY 29 MEMBER 3	
10,73121913,1,A/G	10,73121913,1,A/G	ATC-gTC	ENST00000373189	ENSP00000362285	I326V	EXON CDS	rs2487068:G	Nonsynonymous	TOLERATED	1	2.35	91	ENSG00000198246	SLC29A3	ENSFM00500000272189	EQUILIBRATIVE NUCLEOSIDE TRANSPORTER 3 SOLUTE CARRIER FAMILY 29 MEMBER 3	
10,88717154,1,C/T	10,88717154,1,C/T	GGC-aGC	ENST00000372027	ENSP00000361097	G49S	EXON CDS	rs3750823:T	Nonsynonymous	TOLERATED	0.82	2.14	40	ENSG00000173269	MMRN2	ENSFM00250000007845	MULTIMERIN 2 PRECURSOR	
10,115370274,1,T/C	10,115370274,1,T/C	ATT-gTT	ENST00000359988	ENSP00000353078	I1183V	EXON CDS	rs10749138:C	Nonsynonymous	TOLERATED	1	2.31	102	ENSG00000197893	NRAP	ENSFM00570000851245	NEBULIN RELATED ANCHORING N RAP	
10,115370274,1,T/C	10,115370274,1,T/C	ATT-gTT	ENST00000359988	ENSP00000353078	I1183V	EXON CDS	rs10749138:C	Nonsynonymous	TOLERATED	1	2.31	102	ENSG00000197893	NRAP	ENSFM00570000851245	NEBULIN RELATED ANCHORING N RAP	
10,115370274,1,T/C	10,115370274,1,T/C	ATT-gTT	ENST00000359988	ENSP00000353078	I1183V	EXON CDS	rs10749138:C	Nonsynonymous	TOLERATED	1	2.31	102	ENSG00000197893	NRAP	ENSFM00570000851245	NEBULIN RELATED ANCHORING N RAP	
10,115489152,1,C/G	10,115489152,1,C/G	GAC-GAg	ENST00000345633	ENSP00000298701	D255E	EXON CDS	rs2227310:G	Nonsynonymous	TOLERATED	1	2.76	124	ENSG00000165806	CASP7	ENSFM00500000269906	CASPASE 3 PRECURSOR CASP 3 EC_3.4.22.56 [CONTAINS CASPASE 3 SUBUNIT P17; CASPASE 3 SUBUNIT P12]	
10,115489152,1,C/G	10,115489152,1,C/G	GAC-GAg	ENST00000345633	ENSP00000298701	D255E	EXON CDS	rs2227310:G	Nonsynonymous	TOLERATED	1	2.76	124	ENSG00000165806	CASP7	ENSFM00500000269906	CASPASE 3 PRECURSOR CASP 3 EC_3.4.22.56 [CONTAINS CASPASE 3 SUBUNIT P17; CASPASE 3 SUBUNIT P12]	
10,115489152,1,C/G	10,115489152,1,C/G	GAC-GAg	ENST00000345633	ENSP00000298701	D255E	EXON CDS	rs2227310:G	Nonsynonymous	TOLERATED	1	2.76	124	ENSG00000165806	CASP7	ENSFM00500000269906	CASPASE 3 PRECURSOR CASP 3 EC_3.4.22.56 [CONTAINS CASPASE 3 SUBUNIT P17; CASPASE 3 SUBUNIT P12]	
10,115489152,1,C/G	10,115489152,1,C/G	GAC-GAg	ENST00000345633	ENSP00000298701	D255E	EXON CDS	rs2227310:G	Nonsynonymous	TOLERATED	1	2.76	124	ENSG00000165806	CASP7	ENSFM00500000269906	CASPASE 3 PRECURSOR CASP 3 EC_3.4.22.56 [CONTAINS CASPASE 3 SUBUNIT P17; CASPASE 3 SUBUNIT P12]	
10,115489152,1,C/G	10,115489152,1,C/G	GAC-GAg	ENST00000345633	ENSP00000298701	D255E	EXON CDS	rs2227310:G	Nonsynonymous	TOLERATED	1	2.76	124	ENSG00000165806	CASP7	ENSFM00500000269906	CASPASE 3 PRECURSOR CASP 3 EC_3.4.22.56 [CONTAINS CASPASE 3 SUBUNIT P17; CASPASE 3 SUBUNIT P12]	
10,115489152,1,C/G	10,115489152,1,C/G	GAC-GAg	ENST00000345633	ENSP00000298701	D255E	EXON CDS	rs2227310:G	Nonsynonymous	TOLERATED	1	2.76	124	ENSG00000165806	CASP7	ENSFM00500000269906	CASPASE 3 PRECURSOR CASP 3 EC_3.4.22.56 [CONTAINS CASPASE 3 SUBUNIT P17; CASPASE 3 SUBUNIT P12]	
10,115489152,1,C/G	10,115489152,1,C/G	GAC-GAg	ENST00000345633	ENSP00000298701	D255E	EXON CDS	rs2227310:G	Nonsynonymous	TOLERATED	1	2.76	124	ENSG00000165806	CASP7	ENSFM00500000269906	CASPASE 3 PRECURSOR CASP 3 EC_3.4.22.56 [CONTAINS CASPASE 3 SUBUNIT P17; CASPASE 3 SUBUNIT P12]	
10,115489167,1,G/A	10,115489167,1,G/A	CAG-CAa	ENST00000345633	ENSP00000298701	Q260Q	EXON CDS	rs2227309:A	Synonymous	TOLERATED	1	2.76	124	ENSG00000165806	CASP7	ENSFM00500000269906	CASPASE 3 PRECURSOR CASP 3 EC_3.4.22.56 [CONTAINS CASPASE 3 SUBUNIT P17; CASPASE 3 SUBUNIT P12]	
10,124610027,1,G/A	10,124610027,1,G/A	CCT-CtT	ENST00000368896	ENSP00000357892	P2L	EXON CDS	rs1891110:A	Nonsynonymous	TOLERATED	0.23	2.87	19	ENSG00000213185	FAM24B	ENSFM00500000293070	FAM24B PRECURSOR	
10,124610027,1,G/A	10,124610027,1,G/A	CCT-CtT	ENST00000368896	ENSP00000357892	P2L	EXON CDS	rs1891110:A	Nonsynonymous	TOLERATED	0.23	2.87	19	ENSG00000213185	FAM24B	ENSFM00500000293070	FAM24B PRECURSOR	
10,128192985,1,C/T	10,128192985,1,C/T	GAT-aAT	ENST00000284694	ENSP00000284694	D262N	EXON CDS	rs11245007:T	Nonsynonymous	TOLERATED	1	3.17	27	ENSG00000154493	C10orf90	ENSFM00250000007361	UNCHARACTERIZED	
10,129899578,1,T/C	10,129899578,1,T/C	AAA-gAA	ENST00000368653	ENSP00000357642	K2857E	EXON CDS	rs8473:C	Nonsynonymous	TOLERATED	1	2.13	24	ENSG00000148773	MKI67	ENSFM00500000272970	ANTIGEN KI 67	
10,129899578,1,T/C	10,129899578,1,T/C	AAA-gAA	ENST00000368653	ENSP00000357642	K2857E	EXON CDS	rs8473:C	Nonsynonymous	TOLERATED	1	2.13	24	ENSG00000148773	MKI67	ENSFM00500000272970	ANTIGEN KI 67	
10,129899778,1,G/C	10,129899778,1,G/C	ACT-AgT	ENST00000368653	ENSP00000357642	T2790S	EXON CDS	rs11106:C	Nonsynonymous	TOLERATED	0.81	1.88	31	ENSG00000148773	MKI67	ENSFM00500000272970	ANTIGEN KI 67	
10,129899778,1,G/C	10,129899778,1,G/C	ACT-AgT	ENST00000368653	ENSP00000357642	T2790S	EXON CDS	rs11106:C	Nonsynonymous	TOLERATED	0.81	1.88	31	ENSG00000148773	MKI67	ENSFM00500000272970	ANTIGEN KI 67	
10,129902281,1,G/A	10,129902281,1,G/A	CCC-CtC	ENST00000368653	ENSP00000357642	P2248L	EXON CDS	rs1063535:A	Nonsynonymous	TOLERATED	0.32	1.44	61	ENSG00000148773	MKI67	ENSFM00500000272970	ANTIGEN KI 67	
10,129902281,1,G/A	10,129902281,1,G/A	CCC-CtC	ENST00000368653	ENSP00000357642	P2248L	EXON CDS	rs1063535:A	Nonsynonymous	TOLERATED	0.32	1.44	61	ENSG00000148773	MKI67	ENSFM00500000272970	ANTIGEN KI 67	
10,129903016,1,T/C	10,129903016,1,T/C	AAC-AgC	ENST00000368653	ENSP00000357642	N2003S	EXON CDS	rs7071768:C	Nonsynonymous	TOLERATED	0.93	1.39	69	ENSG00000148773	MKI67	ENSFM00500000272970	ANTIGEN KI 67	
10,129903016,1,T/C	10,129903016,1,T/C	AAC-AgC	ENST00000368653	ENSP00000357642	N2003S	EXON CDS	rs7071768:C	Nonsynonymous	TOLERATED	0.93	1.39	69	ENSG00000148773	MKI67	ENSFM00500000272970	ANTIGEN KI 67	
11,1264742,1,G/C	11,1264742,1,G/C	CGC-CcC	ENST00000349637	ENSP00000343037	R2212P	EXON CDS	novel	Nonsynonymous	Not Predicted	N/A	N/A	N/A	ENSG00000117983	MUC5B	ENSFM00570000851191	INTESTINAL MUCIN  FRAGMENT MLP	
11,1269398,1,C/T	11,1269398,1,C/T	ACC-AtC	ENST00000349637	ENSP00000343037	T3707I	EXON CDS	rs4963055:T;rs75612555:T	Nonsynonymous	Not Predicted	N/A	N/A	N/A	ENSG00000117983	MUC5B	ENSFM00570000851191	INTESTINAL MUCIN  FRAGMENT MLP	
11,114393652,1,C/T	11,114393652,1,C/T	GGA-aGA	ENST00000251921	ENSP00000251921	G211R	EXON CDS	rs10891692:T	Nonsynonymous	DAMAGING	0	1.7	109	ENSG00000095110	FAM55A	ENSFM00250000001859	PRECURSOR	
11,114441943,1,G/A	11,114441943,1,G/A	GCC-GtC	ENST00000375478	ENSP00000364627	A451V	EXON CDS	rs10891705:A	Nonsynonymous	TOLERATED	0.56	1.86	108	ENSG00000137634	FAM55D	ENSFM00250000001859	PRECURSOR	
11,114441943,1,G/A	11,114441943,1,G/A	GCC-GtC	ENST00000375478	ENSP00000364627	A451V	EXON CDS	rs10891705:A	Nonsynonymous	TOLERATED	0.56	1.86	108	ENSG00000137634	FAM55D	ENSFM00250000001859	PRECURSOR	
12,11174276,1,G/A	12,11174276,1,G/A	CGC-tGC	ENST00000390673	ENSP00000375091	R299C	EXON CDS	rs10772420:A	Nonsynonymous	DAMAGING *Warning! Low confidence.	0.01	3.33	6	ENSG00000212124	TAS2R19	ENSFM00460000244926	TASTE RECEPTOR TYPE 2 MEMBER TASTE RECEPTOR TYPE 2 MEMBER	
12,11183217,1,C/T	12,11183217,1,C/T	GTT-aTT	ENST00000390675	ENSP00000375093	V240I	EXON CDS	rs10772423:T	Nonsynonymous	TOLERATED	1	2.93	201	ENSG00000256436	TAS2R31	ENSFM00460000244926	TASTE RECEPTOR TYPE 2 MEMBER TASTE RECEPTOR TYPE 2 MEMBER	
12,11183255,1,G/A	12,11183255,1,G/A	GCT-GtT	ENST00000390675	ENSP00000375093	A227V	EXON CDS	rs10845293:A	Nonsynonymous	TOLERATED	0.11	2.92	201	ENSG00000256436	TAS2R31	ENSFM00460000244926	TASTE RECEPTOR TYPE 2 MEMBER TASTE RECEPTOR TYPE 2 MEMBER	
12,11183832,1,G/A	12,11183832,1,G/A	CGG-tGG	ENST00000390675	ENSP00000375093	R35W	EXON CDS	rs10845295:A	Nonsynonymous	TOLERATED	1	2.92	202	ENSG00000256436	TAS2R31	ENSFM00460000244926	TASTE RECEPTOR TYPE 2 MEMBER TASTE RECEPTOR TYPE 2 MEMBER	
12,11214212,1,A/T	12,11214212,1,A/T	TTG-aTG	ENST00000533467	ENSP00000436450	L228M	EXON CDS	rs2708380:T	Nonsynonymous	TOLERATED	0.23	2.94	198	ENSG00000226761	TAS2R46	ENSFM00460000244926	TASTE RECEPTOR TYPE 2 MEMBER TASTE RECEPTOR TYPE 2 MEMBER	
12,11243913,1,T/G	12,11243913,1,T/G	ACT-cCT	ENST00000531678	ENSP00000431719	T306P	EXON CDS	novel	Nonsynonymous	TOLERATED	0.88	3.26	71	ENSG00000255374	TAS2R43	ENSFM00460000244926	TASTE RECEPTOR TYPE 2 MEMBER TASTE RECEPTOR TYPE 2 MEMBER	
12,11244126,1,G/A	12,11244126,1,G/A	CTC-tTC	ENST00000531678	ENSP00000431719	L235F	EXON CDS	rs113410031:A;rs3759244:A	Nonsynonymous	DAMAGING	0.04	2.94	200	ENSG00000255374	TAS2R43	ENSFM00460000244926	TASTE RECEPTOR TYPE 2 MEMBER TASTE RECEPTOR TYPE 2 MEMBER	
12,11244378,1,C/G	12,11244378,1,C/G	GAG-cAG	ENST00000531678	ENSP00000431719	E151Q	EXON CDS	novel	Nonsynonymous	TOLERATED	0.62	2.94	201	ENSG00000255374	TAS2R43	ENSFM00460000244926	TASTE RECEPTOR TYPE 2 MEMBER TASTE RECEPTOR TYPE 2 MEMBER	
12,11244435,1,T/C	12,11244435,1,T/C	ATG-gTG	ENST00000531678	ENSP00000431719	M132V	EXON CDS	rs111525185:C;rs71221765:C	Nonsynonymous	TOLERATED	0.21	2.94	201	ENSG00000255374	TAS2R43	ENSFM00460000244926	TASTE RECEPTOR TYPE 2 MEMBER TASTE RECEPTOR TYPE 2 MEMBER	
12,11244470,1,T/C	12,11244470,1,T/C	CAC-CgC	ENST00000531678	ENSP00000431719	H120R	EXON CDS	novel	Nonsynonymous	TOLERATED	0.26	2.94	201	ENSG00000255374	TAS2R43	ENSFM00460000244926	TASTE RECEPTOR TYPE 2 MEMBER TASTE RECEPTOR TYPE 2 MEMBER	
12,11244483,1,A/G	12,11244483,1,A/G	TTT-cTT	ENST00000531678	ENSP00000431719	F116L	EXON CDS	novel	Nonsynonymous	TOLERATED	1	2.94	201	ENSG00000255374	TAS2R43	ENSFM00460000244926	TASTE RECEPTOR TYPE 2 MEMBER TASTE RECEPTOR TYPE 2 MEMBER	
12,11244591,1,C/A	12,11244591,1,C/A	GTA-tTA	ENST00000531678	ENSP00000431719	V80L	EXON CDS	rs73064968:A	Nonsynonymous	TOLERATED	0.32	2.93	200	ENSG00000255374	TAS2R43	ENSFM00460000244926	TASTE RECEPTOR TYPE 2 MEMBER TASTE RECEPTOR TYPE 2 MEMBER	
12,11244603,1,T/A	12,11244603,1,T/A	AAT-tAT	ENST00000531678	ENSP00000431719	N76Y	EXON CDS	rs117886602:A	Nonsynonymous	TOLERATED	1	2.93	200	ENSG00000255374	TAS2R43	ENSFM00460000244926	TASTE RECEPTOR TYPE 2 MEMBER TASTE RECEPTOR TYPE 2 MEMBER	
12,11244687,1,G/C	12,11244687,1,G/C	CTC-gTC	ENST00000531678	ENSP00000431719	L48V	EXON CDS	rs113197337:C	Nonsynonymous	DAMAGING	0.05	2.93	200	ENSG00000255374	TAS2R43	ENSFM00460000244926	TASTE RECEPTOR TYPE 2 MEMBER TASTE RECEPTOR TYPE 2 MEMBER	
12,11286088,1,A/C	12,11286088,1,A/C	TTT-TTg	ENST00000539585	ENSP00000444736	F252L	EXON CDS	rs2599404:C	Nonsynonymous	TOLERATED	0.7	2.96	195	ENSG00000256188	TAS2R30	ENSFM00460000244926	TASTE RECEPTOR TYPE 2 MEMBER TASTE RECEPTOR TYPE 2 MEMBER	
12,11506211,1,A/C	12,11506211,1,A/C	TCT-gCT	ENST00000500254	ENSP00000420826	S143A	EXON CDS	rs76504934:C	Nonsynonymous	TOLERATED	0.32	2.85	24	ENSG00000251655	PRB1	ENSFM00600000933457	PRB1	
12,11506211,1,A/C	12,11506211,1,A/C	TCT-gCT	ENST00000500254	ENSP00000420826	S143A	EXON CDS	rs76504934:C	Nonsynonymous	TOLERATED	0.32	2.85	24	ENSG00000251655	PRB1	ENSFM00600000933457	PRB1	
12,11506211,1,A/C	12,11506211,1,A/C	TCT-gCT	ENST00000500254	ENSP00000420826	S143A	EXON CDS	rs76504934:C	Nonsynonymous	TOLERATED	0.32	2.85	24	ENSG00000251655	PRB1	ENSFM00600000933457	PRB1	
12,122295335,1,T/C	12,122295335,1,T/C	ACG-gCG	ENST00000289004	ENSP00000289004	T33A	EXON CDS	CM003889:HGMD_MUTATION;rs1154510:C	Nonsynonymous	TOLERATED	1	2.68	307	ENSG00000158104	HPD	ENSFM00250000002460	4 HYDROXYPHENYLPYRUVATE DIOXYGENASE EC_1.13.11.27 4 HYDROXYPHENYLPYRUVIC ACID OXIDASE 4HPPD HPD HPPDASE	
12,122326812,1,T/C	12,122326812,1,T/C	GTC-GcC	ENST00000261817	ENSP00000261817	V17A	EXON CDS	rs2230681:C	Nonsynonymous	TOLERATED	0.8	1.95	69	ENSG00000110801	PSMD9	ENSFM00500000271477	26S PROTEASOME NON ATPASE REGULATORY SUBUNIT 9 26S PROTEASOME REGULATORY SUBUNIT P27	
12,122326812,1,T/C	12,122326812,1,T/C	GTC-GcC	ENST00000261817	ENSP00000261817	V17A	EXON CDS	rs2230681:C	Nonsynonymous	TOLERATED	0.8	1.95	69	ENSG00000110801	PSMD9	ENSFM00500000271477	26S PROTEASOME NON ATPASE REGULATORY SUBUNIT 9 26S PROTEASOME REGULATORY SUBUNIT P27	
12,122353796,1,A/G	12,122353796,1,A/G	GAA-GgA	ENST00000261817	ENSP00000261817	E196G	EXON CDS	rs14259:G	Nonsynonymous	TOLERATED	0.16	1.63	137	ENSG00000110801	PSMD9	ENSFM00500000271477	26S PROTEASOME NON ATPASE REGULATORY SUBUNIT 9 26S PROTEASOME REGULATORY SUBUNIT P27	
12,122353796,1,A/G	12,122353796,1,A/G	GAA-GgA	ENST00000261817	ENSP00000261817	E196G	EXON CDS	rs14259:G	Nonsynonymous	TOLERATED	0.16	1.63	137	ENSG00000110801	PSMD9	ENSFM00500000271477	26S PROTEASOME NON ATPASE REGULATORY SUBUNIT 9 26S PROTEASOME REGULATORY SUBUNIT P27	
12,122396395,1,C/T	12,122396395,1,C/T	CTT-tTT	ENST00000288912	ENSP00000288912	L650F	EXON CDS	rs17852561:T	Nonsynonymous	TOLERATED	0.28	2.78	35	ENSG00000158023	WDR66	ENSFM00250000005605	WD REPEAT CONTAINING 66	
12,122396395,1,C/T	12,122396395,1,C/T	CTT-tTT	ENST00000288912	ENSP00000288912	L650F	EXON CDS	rs17852561:T	Nonsynonymous	TOLERATED	0.28	2.78	35	ENSG00000158023	WDR66	ENSFM00250000005605	WD REPEAT CONTAINING 66	
12,125434580,1,C/T	12,125434580,1,C/T	CGG-CaG	ENST00000308736	ENSP00000311135	R1081Q	EXON CDS	rs4447263:T	Nonsynonymous	TOLERATED	0.34	2.73	53	ENSG00000150990	DHX37	ENSFM00440000236925	ATP DEPENDENT RNA HELICASE EC_3.6.4.13	
12,125438516,1,T/C	12,125438516,1,T/C	AGC-gGC	ENST00000308736	ENSP00000311135	S869G	EXON CDS	rs4516060:C	Nonsynonymous	TOLERATED	1	2.48	70	ENSG00000150990	DHX37	ENSFM00440000236925	ATP DEPENDENT RNA HELICASE EC_3.6.4.13	
13,21562948,1,G/A	13,21562948,1,G/A	GCG-GtG	ENST00000382592	ENSP00000372035	A324V	EXON CDS	rs558614:A	Nonsynonymous	TOLERATED	0.34	2.91	63	ENSG00000150457	LATS2	ENSFM00390000126311	SERINE/THREONINE KINASE EC_2.7.11.1	
13,28009031,1,G/C	13,28009031,1,G/C	GTA-cTA	ENST00000381140	ENSP00000370532	V245L	EXON CDS	rs7323:C	Nonsynonymous	TOLERATED	0.18	2.62	70	ENSG00000122034	GTF3A	ENSFM00260000050817	TRANSCRIPTION FACTOR IIIA TFIIIA	
13,28009920,1,G/C	13,28009920,1,G/C	TTC-TTg	ENST00000381116	ENSP00000370508	F243L	EXON CDS	rs1218825:C	Nonsynonymous	TOLERATED	1	2.4	89	ENSG00000122033	MTIF3	ENSFM00250000009405	TRANSLATION INITIATION FACTOR IF 3 MITOCHONDRIAL PRECURSOR IF 3 MT IF 3MT IF3 MT IF3MT	
13,28009920,1,G/C	13,28009920,1,G/C	TTC-TTg	ENST00000381116	ENSP00000370508	F243L	EXON CDS	rs1218825:C	Nonsynonymous	TOLERATED	1	2.4	89	ENSG00000122033	MTIF3	ENSFM00250000009405	TRANSLATION INITIATION FACTOR IF 3 MITOCHONDRIAL PRECURSOR IF 3 MT IF 3MT IF3 MT IF3MT	
13,28009920,1,G/C	13,28009920,1,G/C	TTC-TTg	ENST00000381116	ENSP00000370508	F243L	EXON CDS	rs1218825:C	Nonsynonymous	TOLERATED	1	2.4	89	ENSG00000122033	MTIF3	ENSFM00250000009405	TRANSLATION INITIATION FACTOR IF 3 MITOCHONDRIAL PRECURSOR IF 3 MT IF 3MT IF3 MT IF3MT	
13,28009920,1,G/C	13,28009920,1,G/C	TTC-TTg	ENST00000381116	ENSP00000370508	F243L	EXON CDS	rs1218825:C	Nonsynonymous	TOLERATED	1	2.4	89	ENSG00000122033	MTIF3	ENSFM00250000009405	TRANSLATION INITIATION FACTOR IF 3 MITOCHONDRIAL PRECURSOR IF 3 MT IF 3MT IF3 MT IF3MT	
13,32885654,1,T/C	13,32885654,1,T/C	ACC-gCC	ENST00000345108	ENSP00000344616	T137A	EXON CDS	rs445909:C	Nonsynonymous	TOLERATED	0.95	2.84	30	ENSG00000189167	ZAR1L	ENSFM00510000502879	ZAR1	
13,103449202,1,T/C	13,103449202,1,T/C	ATT-gTT	ENST00000376004	ENSP00000365172	I114V	EXON CDS	rs1047740:C	Nonsynonymous	TOLERATED	1	2.81	79	ENSG00000134901	KDELC1	ENSFM00250000002573	KDEL MOTIF CONTAINING 1 PRECURSOR ENDOPLASMIC RETICULUM RESIDENT 58 ER 58 ERP58	
14,45644589,1,G/T	14,45644589,1,G/T	GTA-tTA	ENST00000267430	ENSP00000267430	V878L	EXON CDS	rs1367580:T	Nonsynonymous	TOLERATED	1	2.95	27	ENSG00000187790	FANCM	ENSFM00250000006062	ATP DEPENDENT DNA HELICASE MPH1 EC_3.6.4.12	
14,52937255,1,C/T	14,52937255,1,C/T	GAA-aAA	ENST00000281741	ENSP00000281741	E486K	EXON CDS	rs7155490:T	Nonsynonymous	TOLERATED	0.52	2.64	48	ENSG00000087301	TXNDC16	ENSFM00250000007311	THIOREDOXIN DOMAIN CONTAINING 16 PRECURSOR	
14,52937255,1,C/T	14,52937255,1,C/T	GAA-aAA	ENST00000281741	ENSP00000281741	E486K	EXON CDS	rs7155490:T	Nonsynonymous	TOLERATED	0.52	2.64	48	ENSG00000087301	TXNDC16	ENSFM00250000007311	THIOREDOXIN DOMAIN CONTAINING 16 PRECURSOR	
14,61180657,1,T/G	14,61180657,1,T/G	CAT-CcT	ENST00000216513	ENSP00000216513	H605P	EXON CDS	rs3742636:G	Nonsynonymous	TOLERATED	0.11	3.27	29	ENSG00000100625	SIX4	ENSFM00250000000696	HOMEOBOX SINE OCULIS HOMEOBOX HOMOLOG	
14,62462766,1,T/C	14,62462766,1,T/C	GTT-GcT	ENST00000430451	ENSP00000394700	V10A	EXON CDS	rs8019076:C	Nonsynonymous	TOLERATED	1	3.54	20	ENSG00000139973	SYT16	ENSFM00250000002096	SYNAPTOTAGMIN 14 SYNAPTOTAGMIN XIV	
14,65031534,1,C/T	14,65031534,1,C/T	ACT-AtT	ENST00000298705	ENSP00000298705	T83I	EXON CDS	rs6573560:T	Nonsynonymous	TOLERATED	0.63	2.83	25	ENSG00000165807	C14orf50	ENSFM00250000010837	UNCHARACTERIZED	
14,103342049,1,T/C	14,103342049,1,T/C	ATG-AcG	ENST00000347662	ENSP00000328003	M129T	EXON CDS	rs1131877:C	Nonsynonymous	TOLERATED	0.6	1.77	135	ENSG00000131323	TRAF3	ENSFM00500000269755	TNF RECEPTOR ASSOCIATED FACTOR	
14,103342049,1,T/C	14,103342049,1,T/C	ATG-AcG	ENST00000347662	ENSP00000328003	M129T	EXON CDS	rs1131877:C	Nonsynonymous	TOLERATED	0.6	1.77	135	ENSG00000131323	TRAF3	ENSFM00500000269755	TNF RECEPTOR ASSOCIATED FACTOR	
14,103342049,1,T/C	14,103342049,1,T/C	ATG-AcG	ENST00000347662	ENSP00000328003	M129T	EXON CDS	rs1131877:C	Nonsynonymous	TOLERATED	0.6	1.77	135	ENSG00000131323	TRAF3	ENSFM00500000269755	TNF RECEPTOR ASSOCIATED FACTOR	
14,103342049,1,T/C	14,103342049,1,T/C	ATG-AcG	ENST00000347662	ENSP00000328003	M129T	EXON CDS	rs1131877:C	Nonsynonymous	TOLERATED	0.6	1.77	135	ENSG00000131323	TRAF3	ENSFM00500000269755	TNF RECEPTOR ASSOCIATED FACTOR	
14,105405599,1,G/C	14,105405599,1,G/C	CCT-gCT	ENST00000333244	ENSP00000353114	P5397A	EXON CDS	rs3742935:C	Nonsynonymous	TOLERATED	0.79	2.14	35	ENSG00000185567	AHNAK2	ENSFM00560000771379	AHNAK2	
14,105406238,1,A/C	14,105406238,1,A/C	TAC-gAC	ENST00000333244	ENSP00000353114	Y5184D	EXON CDS	rs2819419:C	Nonsynonymous	TOLERATED	0.61	1.85	46	ENSG00000185567	AHNAK2	ENSFM00560000771379	AHNAK2	
14,105407798,1,T/C	14,105407798,1,T/C	ACA-gCA	ENST00000333244	ENSP00000353114	T4664A	EXON CDS	rs4465542:C	Nonsynonymous	TOLERATED	0.79	1.96	38	ENSG00000185567	AHNAK2	ENSFM00560000771379	AHNAK2	
14,105408182,1,T/G	14,105408182,1,T/G	ATG-cTG	ENST00000333244	ENSP00000353114	M4536L	EXON CDS	rs9672139:G	Nonsynonymous	TOLERATED	0.8	2.03	34	ENSG00000185567	AHNAK2	ENSFM00560000771379	AHNAK2	
14,105408811,1,A/G	14,105408811,1,A/G	CTG-CcG	ENST00000333244	ENSP00000353114	L4326P	EXON CDS	rs2819421:G	Nonsynonymous	TOLERATED	0.53	1.96	39	ENSG00000185567	AHNAK2	ENSFM00560000771379	AHNAK2	
14,105408827,1,A/C	14,105408827,1,A/C	TTG-gTG	ENST00000333244	ENSP00000353114	L4321V	EXON CDS	rs11850949:C	Nonsynonymous	TOLERATED	0.97	2.04	33	ENSG00000185567	AHNAK2	ENSFM00560000771379	AHNAK2	
14,105408955,1,A/G	14,105408955,1,A/G	GTG-GcG	ENST00000333244	ENSP00000353114	V4278A	EXON CDS	rs2819422:G	Nonsynonymous	TOLERATED	0.79	2	31	ENSG00000185567	AHNAK2	ENSFM00560000771379	AHNAK2	
14,105410183,1,T/C	14,105410183,1,T/C	ATG-gTG	ENST00000333244	ENSP00000353114	M3869V	EXON CDS	rs10438246:C	Nonsynonymous	TOLERATED	0.62	1.82	39	ENSG00000185567	AHNAK2	ENSFM00560000771379	AHNAK2	
14,105410411,1,C/T	14,105410411,1,C/T	GAC-aAC	ENST00000333244	ENSP00000353114	D3793N	EXON CDS	rs11160825:T	Nonsynonymous	TOLERATED	0.29	1.87	41	ENSG00000185567	AHNAK2	ENSFM00560000771379	AHNAK2	
14,105410827,1,C/T	14,105410827,1,C/T	GGG-GaG	ENST00000333244	ENSP00000353114	G3654E	EXON CDS	rs28380382:T	Nonsynonymous	TOLERATED	1	1.92	35	ENSG00000185567	AHNAK2	ENSFM00560000771379	AHNAK2	
14,105411700,1,A/G	14,105411700,1,A/G	GTG-GcG	ENST00000333244	ENSP00000353114	V3363A	EXON CDS	rs4264326:G	Nonsynonymous	TOLERATED	0.79	1.95	39	ENSG00000185567	AHNAK2	ENSFM00560000771379	AHNAK2	
14,105411781,1,G/A	14,105411781,1,G/A	CCG-CtG	ENST00000333244	ENSP00000353114	P3336L	EXON CDS	rs10438247:A	Nonsynonymous	TOLERATED	0.07	1.95	39	ENSG00000185567	AHNAK2	ENSFM00560000771379	AHNAK2	
14,105412259,1,G/C	14,105412259,1,G/C	CTG-gTG	ENST00000333244	ENSP00000353114	L3177V	EXON CDS	rs2819426:C	Nonsynonymous	TOLERATED	0.91	1.85	38	ENSG00000185567	AHNAK2	ENSFM00560000771379	AHNAK2	
14,105412260,1,G/C	14,105412260,1,G/C	GAC-GAg	ENST00000333244	ENSP00000353114	D3176E	EXON CDS	rs11160826:C	Nonsynonymous	TOLERATED	0.48	1.85	38	ENSG00000185567	AHNAK2	ENSFM00560000771379	AHNAK2	
14,105413204,1,G/T	14,105413204,1,G/T	CGC-aGC	ENST00000333244	ENSP00000353114	R2862S	EXON CDS	rs2582514:T	Nonsynonymous	TOLERATED	0.74	1.79	42	ENSG00000185567	AHNAK2	ENSFM00560000771379	AHNAK2	
14,105414333,1,A/C	14,105414333,1,A/C	ATT-ATg	ENST00000333244	ENSP00000353114	I2485M	EXON CDS	novel	Nonsynonymous	TOLERATED	1	1.76	47	ENSG00000185567	AHNAK2	ENSFM00560000771379	AHNAK2	
14,105414629,1,G/A	14,105414629,1,G/A	CCA-tCA	ENST00000333244	ENSP00000353114	P2387S	EXON CDS	rs72702027:A	Nonsynonymous	TOLERATED	0.12	1.88	33	ENSG00000185567	AHNAK2	ENSFM00560000771379	AHNAK2	
14,105414790,1,A/G	14,105414790,1,A/G	CTT-CcT	ENST00000333244	ENSP00000353114	L2333P	EXON CDS	rs2582513:G	Nonsynonymous	TOLERATED	0.46	1.87	41	ENSG00000185567	AHNAK2	ENSFM00560000771379	AHNAK2	
14,105415469,1,T/C	14,105415469,1,T/C	ATG-gTG	ENST00000333244	ENSP00000353114	M2107V	EXON CDS	rs11846918:C	Nonsynonymous	TOLERATED	1	1.99	36	ENSG00000185567	AHNAK2	ENSFM00560000771379	AHNAK2	
14,105415608,1,G/C	14,105415608,1,G/C	CAC-CAg	ENST00000333244	ENSP00000353114	H2060Q	EXON CDS	rs11850848:C	Nonsynonymous	TOLERATED	0.61	1.86	37	ENSG00000185567	AHNAK2	ENSFM00560000771379	AHNAK2	
15,22074657,1,C/G	15,22074657,1,C/G	GAA-cAA	ENST00000435397	ENSP00000412854	E249Q	EXON CDS	rs2445603:G;rs61997954:G	Nonsynonymous	TOLERATED	1	2.77	116	ENSG00000233917	POTEB	ENSFM00500000270649	POTE ANKYRIN DOMAIN FAMILY MEMBER ANKRD26  FAMILY MEMBER PROSTATE OVARY TESTIS EXPRESSED ON CHROMOSOME POTE	
15,22074657,1,C/G	15,22074657,1,C/G	GAA-cAA	ENST00000435397	ENSP00000412854	E249Q	EXON CDS	rs2445603:G;rs61997954:G	Nonsynonymous	TOLERATED	1	2.77	116	ENSG00000233917	POTEB	ENSFM00500000270649	POTE ANKYRIN DOMAIN FAMILY MEMBER ANKRD26  FAMILY MEMBER PROSTATE OVARY TESTIS EXPRESSED ON CHROMOSOME POTE	
15,56207811,1,T/G	15,56207811,1,T/G	AAT-cAT	ENST00000338963	ENSP00000345530	N407H	EXON CDS	rs62043855:G	Nonsynonymous	DAMAGING *Warning! Low confidence.	0	3.72	27	ENSG00000069869	NEDD4	ENSFM00600000921190	PROBABLE E3 UBIQUITIN LIGASE HULA EC_6.3.2.- HECT UBIQUITIN LIGASE A	
15,65621441,1,C/A	15,65621441,1,C/A	GTG-tTG	ENST00000327987	ENSP00000332773	V751L	EXON CDS	rs12907128:A	Nonsynonymous	TOLERATED	0.39	3.78	20	ENSG00000174498	IGDCC3	ENSFM00570000851387	IMMUNOGLOBULIN SUPERFAMILY DCC SUBCLASS MEMBER 3 PRECURSOR NEURONAL CELL ADHESION MOLECULE	
15,65676726,1,C/T	15,65676726,1,C/T	TGC-TaC	ENST00000352385	ENSP00000319623	C1125Y	EXON CDS	rs33918653:T	Nonsynonymous	DAMAGING	0.05	3.05	40	ENSG00000103742	IGDCC4	ENSFM00570000851196	PRECURSOR	
15,65703625,1,C/G	15,65703625,1,C/G	GCT-cCT	ENST00000352385	ENSP00000319623	A52P	EXON CDS	rs34355056:G	Nonsynonymous	TOLERATED	0.51	2.51	66	ENSG00000103742	IGDCC4	ENSFM00570000851196	PRECURSOR	
15,65916527,1,A/T	15,65916527,1,A/T	ACT-tCT	ENST00000261892	ENSP00000261892	T37S	EXON CDS	rs3743171:T	Nonsynonymous	DAMAGING *Warning! Low confidence.	0.04	3.64	25	ENSG00000074621	SLC24A1	ENSFM00600000921152	SODIUM/POTASSIUM/CALCIUM EXCHANGER NA + /K + /CA 2+ EXCHANGE RETINAL NA CA+K EXCHANGER	
15,76496340,1,C/T	15,76496340,1,C/T	CCG-CtG	ENST00000388942	ENSP00000373594	P427L	EXON CDS	rs937733:T	Nonsynonymous	TOLERATED	0.89	3.75	27	ENSG00000169758	C15orf27	ENSFM00250000007298	TRANSMEMBRANE	
15,78466127,1,T/C	15,78466127,1,T/C	ATG-gTG	ENST00000258873	ENSP00000258873	M633V	EXON CDS	rs2304824:C	Nonsynonymous	TOLERATED	0.63	2.18	157	ENSG00000103740	ACSBG1	ENSFM00260000050566	LONG CHAIN FATTY ACID COA LIGASE EC_6.2.1.3 ACYL COA SYNTHETASE BUBBLEGUM FAMILY MEMBER	
15,78466127,1,T/C	15,78466127,1,T/C	ATG-gTG	ENST00000258873	ENSP00000258873	M633V	EXON CDS	rs2304824:C	Nonsynonymous	TOLERATED	0.63	2.18	157	ENSG00000103740	ACSBG1	ENSFM00260000050566	LONG CHAIN FATTY ACID COA LIGASE EC_6.2.1.3 ACYL COA SYNTHETASE BUBBLEGUM FAMILY MEMBER	
15,81624768,1,C/T	15,81624768,1,C/T	GAT-aAT	ENST00000359440	ENSP00000352413	D1099N	EXON CDS	rs4417518:T	Nonsynonymous	TOLERATED	1	3.96	22	ENSG00000188869	TMC3	ENSFM00500000269946	TRANSMEMBRANE CHANNEL  TRANSMEMBRANE COCHLEAR EXPRESSED	
15,81625385,1,C/T	15,81625385,1,C/T	TGT-TaT	ENST00000359440	ENSP00000352413	C893Y	EXON CDS	rs11636318:T	Nonsynonymous	DAMAGING *Warning! Low confidence.	0.03	3.96	22	ENSG00000188869	TMC3	ENSFM00500000269946	TRANSMEMBRANE CHANNEL  TRANSMEMBRANE COCHLEAR EXPRESSED	
15,100821576,1,G/A	15,100821576,1,G/A	TCG-TtG	ENST00000268070	ENSP00000268070	S216L	EXON CDS	rs7496668:A	Nonsynonymous	TOLERATED	0.35	1.93	161	ENSG00000140470	ADAMTS17	ENSFM00570000850995	A DISINTEGRIN AND METALLOPROTEINASE WITH THROMBOSPONDIN MOTIFS PRECURSOR ADAM TS ADAM ADAMTS EC_3.4.24.-	
16,1279574,1,C/G	16,1279574,1,C/G	GTG-cTG	ENST00000430512	ENSP00000412409	V76L	EXON CDS	rs71384640:G	Nonsynonymous	TOLERATED	0.32	2.55	125	ENSG00000197253	TPSB2			
16,20492000,1,A/G	16,20492000,1,A/G	AAT-gAT	ENST00000219054	ENSP00000219054	N463D	EXON CDS	rs9924150:G	Nonsynonymous	TOLERATED	1	2.52	206	ENSG00000183747	ACSM2A	ENSFM00250000001196	ACYL COENZYME A SYNTHETASE MITOCHONDRIAL PRECURSOR EC_6.2.1.2 ACYL COA SYNTHETASE MEDIUM CHAIN FAMILY MEMBER BUTYRATE COA LIGASE BUTYRYL COENZYME A SYNTHETASE MIDDLE CHAIN ACYL COA SYNTHETASE	
16,56673227,1,C/A	16,56673227,1,C/A	ACC-AaC	ENST00000290705	ENSP00000290705	T27N	EXON CDS	rs11640851:A	Nonsynonymous	DAMAGING *Warning! Low confidence.	0.01	3.69	150	ENSG00000205362	MT1A	ENSFM00550000760158	UNKNOWN	
16,81190613,1,A/G	16,81190613,1,A/G	TCC-cCC	ENST00000525539	ENSP00000434417	S1326P	EXON CDS	rs1453324:G	Nonsynonymous	TOLERATED	1	2.62	80	ENSG00000166473	PKD1L2			
16,89346774,1,G/T	16,89346774,1,G/T	CCC-CaC	ENST00000301030	ENSP00000301030	P2059H	EXON CDS	rs117997391:T	Nonsynonymous	DAMAGING	0	3.13	24	ENSG00000167522	ANKRD11	ENSFM00600000921433	ANKYRIN REPEAT DOMAIN CONTAINING 11 ANKYRIN REPEAT CONTAINING COFACTOR 1	
16,89346774,1,G/T	16,89346774,1,G/T	CCC-CaC	ENST00000301030	ENSP00000301030	P2059H	EXON CDS	rs117997391:T	Nonsynonymous	DAMAGING	0	3.13	24	ENSG00000167522	ANKRD11	ENSFM00600000921433	ANKYRIN REPEAT DOMAIN CONTAINING 11 ANKYRIN REPEAT CONTAINING COFACTOR 1	
16,89346774,1,G/T	16,89346774,1,G/T	CCC-CaC	ENST00000301030	ENSP00000301030	P2059H	EXON CDS	rs117997391:T	Nonsynonymous	DAMAGING	0	3.13	24	ENSG00000167522	ANKRD11	ENSFM00600000921433	ANKYRIN REPEAT DOMAIN CONTAINING 11 ANKYRIN REPEAT CONTAINING COFACTOR 1	
17,7592168,1,C/G	17,7592168,1,C/G	CGG-gGG	ENST00000316024	ENSP00000324203	R68G	EXON CDS	rs111433356:-;rs2287499:G	Nonsynonymous	TOLERATED	0.65	2.6	28	ENSG00000141499	WRAP53	ENSFM00250000006355	TELOMERASE CAJAL BODY 1 WD REPEAT CONTAINING 79 WD40 REPEAT CONTAINING ENCODED BY RNA ANTISENSE TO P53	
17,7592168,1,C/G	17,7592168,1,C/G	CGG-gGG	ENST00000316024	ENSP00000324203	R68G	EXON CDS	rs111433356:-;rs2287499:G	Nonsynonymous	TOLERATED	0.65	2.6	28	ENSG00000141499	WRAP53	ENSFM00250000006355	TELOMERASE CAJAL BODY 1 WD REPEAT CONTAINING 79 WD40 REPEAT CONTAINING ENCODED BY RNA ANTISENSE TO P53	
17,7592168,1,C/G	17,7592168,1,C/G	CGG-gGG	ENST00000316024	ENSP00000324203	R68G	EXON CDS	rs111433356:-;rs2287499:G	Nonsynonymous	TOLERATED	0.65	2.6	28	ENSG00000141499	WRAP53	ENSFM00250000006355	TELOMERASE CAJAL BODY 1 WD REPEAT CONTAINING 79 WD40 REPEAT CONTAINING ENCODED BY RNA ANTISENSE TO P53	
17,7592168,1,C/G	17,7592168,1,C/G	CGG-gGG	ENST00000316024	ENSP00000324203	R68G	EXON CDS	rs111433356:-;rs2287499:G	Nonsynonymous	TOLERATED	0.65	2.6	28	ENSG00000141499	WRAP53	ENSFM00250000006355	TELOMERASE CAJAL BODY 1 WD REPEAT CONTAINING 79 WD40 REPEAT CONTAINING ENCODED BY RNA ANTISENSE TO P53	
17,7606722,1,C/G	17,7606722,1,C/G	GCG-GgG	ENST00000316024	ENSP00000324203	A522G	EXON CDS	rs7640:G	Nonsynonymous	TOLERATED	1	2.75	24	ENSG00000141499	WRAP53	ENSFM00250000006355	TELOMERASE CAJAL BODY 1 WD REPEAT CONTAINING 79 WD40 REPEAT CONTAINING ENCODED BY RNA ANTISENSE TO P53	
17,7606722,1,C/G	17,7606722,1,C/G	GCG-GgG	ENST00000316024	ENSP00000324203	A522G	EXON CDS	rs7640:G	Nonsynonymous	TOLERATED	1	2.75	24	ENSG00000141499	WRAP53	ENSFM00250000006355	TELOMERASE CAJAL BODY 1 WD REPEAT CONTAINING 79 WD40 REPEAT CONTAINING ENCODED BY RNA ANTISENSE TO P53	
17,7606722,1,C/G	17,7606722,1,C/G	GCG-GgG	ENST00000316024	ENSP00000324203	A522G	EXON CDS	rs7640:G	Nonsynonymous	TOLERATED	1	2.75	24	ENSG00000141499	WRAP53	ENSFM00250000006355	TELOMERASE CAJAL BODY 1 WD REPEAT CONTAINING 79 WD40 REPEAT CONTAINING ENCODED BY RNA ANTISENSE TO P53	
17,7606722,1,C/G	17,7606722,1,C/G	GCG-GgG	ENST00000316024	ENSP00000324203	A522G	EXON CDS	rs7640:G	Nonsynonymous	TOLERATED	1	2.75	24	ENSG00000141499	WRAP53	ENSFM00250000006355	TELOMERASE CAJAL BODY 1 WD REPEAT CONTAINING 79 WD40 REPEAT CONTAINING ENCODED BY RNA ANTISENSE TO P53	
17,39340812,1,T/C	17,39340812,1,T/C	ATG-gTG	ENST00000398472	ENSP00000381489	M99V	EXON CDS	rs483929:C;rs71155126:TACCACAGCTGGGGTGGCAGGTGGTCTGACAGCAGAGTGGGCGGCAGCAGCTGGACA/-	Nonsynonymous	TOLERATED	0.6	2.57	171	ENSG00000198443	KRTAP4-1	ENSFM00620001000497	KERATIN ASSOCIATED 4 1 KERATIN ASSOCIATED 4 10 KERATIN ASSOCIATED 4 1 KERATIN ASSOCIATED 4 10 ULTRAHIGH SULFUR KERATIN ASSOCIATED 4 10	
17,39340826,1,T/C	17,39340826,1,T/C	CAC-CgC	ENST00000398472	ENSP00000381489	H94R	EXON CDS	rs71155126:TACCACAGCTGGGGTGGCAGGTGGTCTGACAGCAGAGTGGGCGGCAGCAGCTGGACA/-;rs483893:C	Nonsynonymous	TOLERATED	1	2.54	160	ENSG00000198443	KRTAP4-1	ENSFM00620001000497	KERATIN ASSOCIATED 4 1 KERATIN ASSOCIATED 4 10 KERATIN ASSOCIATED 4 1 KERATIN ASSOCIATED 4 10 ULTRAHIGH SULFUR KERATIN ASSOCIATED 4 10	
17,39394755,1,C/A	17,39394755,1,C/A	TCC-TaC	ENST00000254072	ENSP00000254072	S151Y	EXON CDS	rs68104410:A	Nonsynonymous	TOLERATED	0.67	2.55	142	ENSG00000187272	KRTAP9-8	ENSFM00600000921708	KERATIN ASSOCIATED 9 KERATIN ASSOCIATED 9 ULTRAHIGH SULFUR KERATIN ASSOCIATED 9	
17,43507008,1,G/C	17,43507008,1,G/C	CCG-CgG	ENST00000290470	ENSP00000290470	P213R	EXON CDS	rs2959953:C	Nonsynonymous	TOLERATED	0.4	2.7	22	ENSG00000159314	ARHGAP27	ENSFM00250000000913	RHO GTPASE ACTIVATING RHO TYPE GTPASE ACTIVATING	
17,44408406,1,A/G	17,44408406,1,A/G	ACG-gCG	ENST00000320254	ENSP00000326324	T1255A	EXON CDS	rs8065693:G;rs76776480:G	Nonsynonymous	TOLERATED	1	2.91	46	ENSG00000176681	LRRC37A	ENSFM00500000270330	LEUCINE RICH REPEAT CONTAINING PRECURSOR	
17,72350412,1,G/A	17,72350412,1,G/A	CGC-CaC	ENST00000389916	ENSP00000374566	R807H	EXON CDS	rs2271535:A	Nonsynonymous	TOLERATED	0.19	2.4	36	ENSG00000196169	KIF19	ENSFM00420000140569	KINESIN	
17,72700943,1,A/G	17,72700943,1,A/G	GTC-GcC	ENST00000301573	ENSP00000301573	V19A	EXON CDS	rs35489971:G	Nonsynonymous	TOLERATED	1	2.44	96	ENSG00000186074	CD300LF	ENSFM00500000271285	CMRF35  MOLECULE 1 PRECURSOR CLM 1 CD300 ANTIGEN  FAMILY MEMBER F RECEPTOR MYELOID IMMUNOGLOBULIN RECEPTOR CD300F ANTIGEN	
17,78091405,1,G/A	17,78091405,1,G/A	GTA-aTA	ENST00000302262	ENSP00000305692	V780I	EXON CDS	rs1126690:A	Nonsynonymous	TOLERATED	0.48	3.03	22	ENSG00000171298	GAA	ENSFM00480000262743	GLUCOSIDASE PRECURSOR EC_3.2.1.20	
17,78091405,1,G/A	17,78091405,1,G/A	GTA-aTA	ENST00000302262	ENSP00000305692	V780I	EXON CDS	rs1126690:A	Nonsynonymous	TOLERATED	0.48	3.03	22	ENSG00000171298	GAA	ENSFM00480000262743	GLUCOSIDASE PRECURSOR EC_3.2.1.20	
17,78091405,1,G/A	17,78091405,1,G/A	GTA-aTA	ENST00000302262	ENSP00000305692	V780I	EXON CDS	rs1126690:A	Nonsynonymous	TOLERATED	0.48	3.03	22	ENSG00000171298	GAA	ENSFM00480000262743	GLUCOSIDASE PRECURSOR EC_3.2.1.20	
18,77246406,1,T/G	18,77246406,1,T/G	TGT-gGT	ENST00000253506	ENSP00000253506	C751G	EXON CDS	rs754093:G	Nonsynonymous	DAMAGING	0	2.85	117	ENSG00000131196	NFATC1	ENSFM00260000050482	NUCLEAR FACTOR OF ACTIVATED T CELLS CYTOPLASMIC 1 NF ATC1 NFATC1 NFAT TRANSCRIPTION COMPLEX CYTOSOLIC COMPONENT NF ATC NFATC	
18,77246406,1,T/G	18,77246406,1,T/G	TGT-gGT	ENST00000253506	ENSP00000253506	C751G	EXON CDS	rs754093:G	Nonsynonymous	DAMAGING	0	2.85	117	ENSG00000131196	NFATC1	ENSFM00260000050482	NUCLEAR FACTOR OF ACTIVATED T CELLS CYTOPLASMIC 1 NF ATC1 NFATC1 NFAT TRANSCRIPTION COMPLEX CYTOSOLIC COMPONENT NF ATC NFATC	
18,77246406,1,T/G	18,77246406,1,T/G	TGT-gGT	ENST00000253506	ENSP00000253506	C751G	EXON CDS	rs754093:G	Nonsynonymous	DAMAGING	0	2.85	117	ENSG00000131196	NFATC1	ENSFM00260000050482	NUCLEAR FACTOR OF ACTIVATED T CELLS CYTOPLASMIC 1 NF ATC1 NFATC1 NFAT TRANSCRIPTION COMPLEX CYTOSOLIC COMPONENT NF ATC NFATC	
18,77246406,1,T/G	18,77246406,1,T/G	TGT-gGT	ENST00000253506	ENSP00000253506	C751G	EXON CDS	rs754093:G	Nonsynonymous	DAMAGING	0	2.85	117	ENSG00000131196	NFATC1	ENSFM00260000050482	NUCLEAR FACTOR OF ACTIVATED T CELLS CYTOPLASMIC 1 NF ATC1 NFATC1 NFAT TRANSCRIPTION COMPLEX CYTOSOLIC COMPONENT NF ATC NFATC	
19,1003172,1,C/T	19,1003172,1,C/T	ACG-AtG	ENST00000234389	ENSP00000234389	T157M	EXON CDS	rs2240154:T	Nonsynonymous	DAMAGING	0.02	2.77	115	ENSG00000116032	GRIN3B	ENSFM00610000952923	GLUTAMATE [NMDA] RECEPTOR SUBUNIT 3A PRECURSOR N METHYL D ASPARTATE RECEPTOR SUBTYPE 3A NMDAR3A NR3A NMDAR L	
19,1077985,1,A/G	19,1077985,1,A/G	AGC-gGC	ENST00000313093	ENSP00000316772	S439G	EXON CDS	rs7251797:G	Nonsynonymous	TOLERATED	0.37	2.53	66	ENSG00000180448	HMHA1	ENSFM00250000001346	RHO GTPASE ACTIVATING 29 RHO TYPE GTPASE ACTIVATING 29	
19,1077985,1,A/G	19,1077985,1,A/G	AGC-gGC	ENST00000313093	ENSP00000316772	S439G	EXON CDS	rs7251797:G	Nonsynonymous	TOLERATED	0.37	2.53	66	ENSG00000180448	HMHA1	ENSFM00250000001346	RHO GTPASE ACTIVATING 29 RHO TYPE GTPASE ACTIVATING 29	
19,7528734,1,A/G	19,7528734,1,A/G	CAG-CgG	ENST00000319670	ENSP00000319200	Q543R	EXON CDS	rs2287918:G	Nonsynonymous	TOLERATED	0.71	2.65	70	ENSG00000104880	ARHGEF18	ENSFM00250000000618	RHO GUANINE NUCLEOTIDE EXCHANGE FACTOR 2 GUANINE NUCLEOTIDE EXCHANGE FACTOR H1 GEF H1	
19,7528734,1,A/G	19,7528734,1,A/G	CAG-CgG	ENST00000319670	ENSP00000319200	Q543R	EXON CDS	rs2287918:G	Nonsynonymous	TOLERATED	0.71	2.65	70	ENSG00000104880	ARHGEF18	ENSFM00250000000618	RHO GUANINE NUCLEOTIDE EXCHANGE FACTOR 2 GUANINE NUCLEOTIDE EXCHANGE FACTOR H1 GEF H1	
19,9046876,1,G/T	19,9046876,1,G/T	AGC-AGa	ENST00000397910	ENSP00000381008	S11585R	EXON CDS	rs4804378:T	Nonsynonymous	Not Predicted	N/A	N/A	N/A	ENSG00000181143	MUC16	ENSFM00620000999526	MUCIN 16 MUC 16 OVARIAN CANCER RELATED TUMOR MARKER CA125 CA 125 OVARIAN CARCINOMA ANTIGEN CA125	
19,9048320,1,C/T	19,9048320,1,C/T	AGT-AaT	ENST00000397910	ENSP00000381008	S11104N	EXON CDS	rs56334501:T	Nonsynonymous	Not Predicted	N/A	N/A	N/A	ENSG00000181143	MUC16	ENSFM00620000999526	MUCIN 16 MUC 16 OVARIAN CANCER RELATED TUMOR MARKER CA125 CA 125 OVARIAN CARCINOMA ANTIGEN CA125	
19,9049910,1,C/T	19,9049910,1,C/T	CGT-CaT	ENST00000397910	ENSP00000381008	R10574H	EXON CDS	rs56307190:T	Nonsynonymous	Not Predicted	N/A	N/A	N/A	ENSG00000181143	MUC16	ENSFM00620000999526	MUCIN 16 MUC 16 OVARIAN CANCER RELATED TUMOR MARKER CA125 CA 125 OVARIAN CARCINOMA ANTIGEN CA125	
19,9056989,1,C/G	19,9056989,1,C/G	GAG-cAG	ENST00000397910	ENSP00000381008	E10153Q	EXON CDS	rs4804381:G	Nonsynonymous	Not Predicted	N/A	N/A	N/A	ENSG00000181143	MUC16	ENSFM00620000999526	MUCIN 16 MUC 16 OVARIAN CANCER RELATED TUMOR MARKER CA125 CA 125 OVARIAN CARCINOMA ANTIGEN CA125	
19,9057721,1,C/T	19,9057721,1,C/T	GTC-aTC	ENST00000397910	ENSP00000381008	V9909I	EXON CDS	rs2216662:T	Nonsynonymous	Not Predicted	N/A	N/A	N/A	ENSG00000181143	MUC16	ENSFM00620000999526	MUCIN 16 MUC 16 OVARIAN CANCER RELATED TUMOR MARKER CA125 CA 125 OVARIAN CARCINOMA ANTIGEN CA125	
19,9058624,1,G/A	19,9058624,1,G/A	CCC-tCC	ENST00000397910	ENSP00000381008	P9608S	EXON CDS	rs11878666:A	Nonsynonymous	Not Predicted	N/A	N/A	N/A	ENSG00000181143	MUC16	ENSFM00620000999526	MUCIN 16 MUC 16 OVARIAN CANCER RELATED TUMOR MARKER CA125 CA 125 OVARIAN CARCINOMA ANTIGEN CA125	
19,9058942,1,C/T	19,9058942,1,C/T	GCT-aCT	ENST00000397910	ENSP00000381008	A9502T	EXON CDS	rs1833778:T	Nonsynonymous	Not Predicted	N/A	N/A	N/A	ENSG00000181143	MUC16	ENSFM00620000999526	MUCIN 16 MUC 16 OVARIAN CANCER RELATED TUMOR MARKER CA125 CA 125 OVARIAN CARCINOMA ANTIGEN CA125	
19,9060085,1,C/T	19,9060085,1,C/T	GCT-aCT	ENST00000397910	ENSP00000381008	A9121T	EXON CDS	rs4804382:T	Nonsynonymous	Not Predicted	N/A	N/A	N/A	ENSG00000181143	MUC16	ENSFM00620000999526	MUCIN 16 MUC 16 OVARIAN CANCER RELATED TUMOR MARKER CA125 CA 125 OVARIAN CARCINOMA ANTIGEN CA125	
19,9066874,1,G/T	19,9066874,1,G/T	CCA-aCA	ENST00000397910	ENSP00000381008	P6858T	EXON CDS	rs12609150:T	Nonsynonymous	Not Predicted	N/A	N/A	N/A	ENSG00000181143	MUC16	ENSFM00620000999526	MUCIN 16 MUC 16 OVARIAN CANCER RELATED TUMOR MARKER CA125 CA 125 OVARIAN CARCINOMA ANTIGEN CA125	
19,9069792,1,G/A	19,9069792,1,G/A	TCC-TtC	ENST00000397910	ENSP00000381008	S5885F	EXON CDS	rs1862458:A	Nonsynonymous	Not Predicted	N/A	N/A	N/A	ENSG00000181143	MUC16	ENSFM00620000999526	MUCIN 16 MUC 16 OVARIAN CANCER RELATED TUMOR MARKER CA125 CA 125 OVARIAN CARCINOMA ANTIGEN CA125	
19,9069892,1,A/C	19,9069892,1,A/C	TTT-gTT	ENST00000397910	ENSP00000381008	F5852V	EXON CDS	rs1862460:C	Nonsynonymous	Not Predicted	N/A	N/A	N/A	ENSG00000181143	MUC16	ENSFM00620000999526	MUCIN 16 MUC 16 OVARIAN CANCER RELATED TUMOR MARKER CA125 CA 125 OVARIAN CARCINOMA ANTIGEN CA125	
19,9072975,1,G/A	19,9072975,1,G/A	ACG-AtG	ENST00000397910	ENSP00000381008	T4824M	EXON CDS	rs17000816:A	Nonsynonymous	Not Predicted	N/A	N/A	N/A	ENSG00000181143	MUC16	ENSFM00620000999526	MUCIN 16 MUC 16 OVARIAN CANCER RELATED TUMOR MARKER CA125 CA 125 OVARIAN CARCINOMA ANTIGEN CA125	
19,9074073,1,G/A	19,9074073,1,G/A	CCT-CtT	ENST00000397910	ENSP00000381008	P4458L	EXON CDS	rs72486387:A	Nonsynonymous	Not Predicted	N/A	N/A	N/A	ENSG00000181143	MUC16	ENSFM00620000999526	MUCIN 16 MUC 16 OVARIAN CANCER RELATED TUMOR MARKER CA125 CA 125 OVARIAN CARCINOMA ANTIGEN CA125	
19,9077581,1,G/T	19,9077581,1,G/T	CCA-aCA	ENST00000397910	ENSP00000381008	P3289T	EXON CDS	rs73011014:T	Nonsynonymous	Not Predicted	N/A	N/A	N/A	ENSG00000181143	MUC16	ENSFM00620000999526	MUCIN 16 MUC 16 OVARIAN CANCER RELATED TUMOR MARKER CA125 CA 125 OVARIAN CARCINOMA ANTIGEN CA125	
19,9080462,1,C/G	19,9080462,1,C/G	AGC-AcC	ENST00000397910	ENSP00000381008	S3190T	EXON CDS	rs2547065:G	Nonsynonymous	Not Predicted	N/A	N/A	N/A	ENSG00000181143	MUC16	ENSFM00620000999526	MUCIN 16 MUC 16 OVARIAN CANCER RELATED TUMOR MARKER CA125 CA 125 OVARIAN CARCINOMA ANTIGEN CA125	
19,9083457,1,C/T	19,9083457,1,C/T	ATG-ATa	ENST00000397910	ENSP00000381008	M2786I	EXON CDS	rs17000886:T	Nonsynonymous	Not Predicted	N/A	N/A	N/A	ENSG00000181143	MUC16	ENSFM00620000999526	MUCIN 16 MUC 16 OVARIAN CANCER RELATED TUMOR MARKER CA125 CA 125 OVARIAN CARCINOMA ANTIGEN CA125	
19,9085004,1,T/C	19,9085004,1,T/C	ACT-gCT	ENST00000397910	ENSP00000381008	T2271A	EXON CDS	rs11085805:C	Nonsynonymous	Not Predicted	N/A	N/A	N/A	ENSG00000181143	MUC16	ENSFM00620000999526	MUCIN 16 MUC 16 OVARIAN CANCER RELATED TUMOR MARKER CA125 CA 125 OVARIAN CARCINOMA ANTIGEN CA125	
19,9085643,1,A/G	19,9085643,1,A/G	TCT-cCT	ENST00000397910	ENSP00000381008	S2058P	EXON CDS	rs1574479:G	Nonsynonymous	Not Predicted	N/A	N/A	N/A	ENSG00000181143	MUC16	ENSFM00620000999526	MUCIN 16 MUC 16 OVARIAN CANCER RELATED TUMOR MARKER CA125 CA 125 OVARIAN CARCINOMA ANTIGEN CA125	
19,9086318,1,G/A	19,9086318,1,G/A	CTC-tTC	ENST00000397910	ENSP00000381008	L1833F	EXON CDS	rs4520945:A	Nonsynonymous	Not Predicted	N/A	N/A	N/A	ENSG00000181143	MUC16	ENSFM00620000999526	MUCIN 16 MUC 16 OVARIAN CANCER RELATED TUMOR MARKER CA125 CA 125 OVARIAN CARCINOMA ANTIGEN CA125	
19,9087758,1,G/A	19,9087758,1,G/A	CAT-tAT	ENST00000397910	ENSP00000381008	H1353Y	EXON CDS	rs12611293:A	Nonsynonymous	Not Predicted	N/A	N/A	N/A	ENSG00000181143	MUC16	ENSFM00620000999526	MUCIN 16 MUC 16 OVARIAN CANCER RELATED TUMOR MARKER CA125 CA 125 OVARIAN CARCINOMA ANTIGEN CA125	
19,9088330,1,G/A	19,9088330,1,G/A	ACT-AtT	ENST00000397910	ENSP00000381008	T1162I	EXON CDS	rs17000947:A	Nonsynonymous	Not Predicted	N/A	N/A	N/A	ENSG00000181143	MUC16	ENSFM00620000999526	MUCIN 16 MUC 16 OVARIAN CANCER RELATED TUMOR MARKER CA125 CA 125 OVARIAN CARCINOMA ANTIGEN CA125	
19,9088772,1,T/C	19,9088772,1,T/C	AGG-gGG	ENST00000397910	ENSP00000381008	R1015G	EXON CDS	rs17000950:C	Nonsynonymous	Not Predicted	N/A	N/A	N/A	ENSG00000181143	MUC16	ENSFM00620000999526	MUCIN 16 MUC 16 OVARIAN CANCER RELATED TUMOR MARKER CA125 CA 125 OVARIAN CARCINOMA ANTIGEN CA125	
19,9492370,1,A/T	19,9492370,1,A/T	ATT-tTT	ENST00000343499	ENSP00000341497	I295F	EXON CDS	rs2230752:T	Nonsynonymous	TOLERATED	0.08	2.63	110	ENSG00000188629	ZNF177	ENSFM00250000000002	ZINC FINGER	
19,9492370,1,A/T	19,9492370,1,A/T	ATT-tTT	ENST00000343499	ENSP00000341497	I295F	EXON CDS	rs2230752:T	Nonsynonymous	TOLERATED	0.08	2.63	110	ENSG00000188629	ZNF177	ENSFM00250000000002	ZINC FINGER	
19,9492370,1,A/T	19,9492370,1,A/T	ATT-tTT	ENST00000343499	ENSP00000341497	I295F	EXON CDS	rs2230752:T	Nonsynonymous	TOLERATED	0.08	2.63	110	ENSG00000188629	ZNF177	ENSFM00250000000002	ZINC FINGER	
19,10077419,1,C/G	19,10077419,1,C/G	GCC-cCC	ENST00000264828	ENSP00000264828	A1488P	EXON CDS	rs3745584:G	Nonsynonymous	TOLERATED	1	1.86	191	ENSG00000080573	COL5A3	ENSFM00250000000231	COLLAGEN ALPHA CHAIN PRECURSOR	
19,15198292,1,C/G	19,15198292,1,C/G	CCT-CgT	ENST00000209540	ENSP00000209540	P139R	EXON CDS	rs8104843:G	Nonsynonymous	TOLERATED	1	3.11	334	ENSG00000094661	OR1I1	ENSFM00320000100072	OLFACTORY RECEPTOR	
19,15198507,1,T/C	19,15198507,1,T/C	TTC-cTC	ENST00000209540	ENSP00000209540	F211L	EXON CDS	rs8108721:C	Nonsynonymous	TOLERATED	1	3.11	334	ENSG00000094661	OR1I1	ENSFM00320000100072	OLFACTORY RECEPTOR	
19,16436262,1,T/C	19,16436262,1,T/C	CTG-CcG	ENST00000248071	ENSP00000248071	L104P	EXON CDS	rs3745318:C	Nonsynonymous	TOLERATED	0.23	1.77	53	ENSG00000127528	KLF2	ENSFM00500000270362	KRUEPPEL  FACTOR 4 EPITHELIAL ZINC FINGER EZF GUT ENRICHED KRUEPPEL  FACTOR	
19,36530428,1,G/A	19,36530428,1,G/A	CCT-tCT	ENST00000292894	ENSP00000292894	P157S	EXON CDS	rs34250145:A	Nonsynonymous	TOLERATED	0.73	1.96	61	ENSG00000161277	THAP8	ENSFM00410000138654	THAP DOMAIN CONTAINING 8	
19,40408268,1,G/T	19,40408268,1,G/T	ACT-AaT	ENST00000221347	ENSP00000221347	T1524N	EXON CDS	rs34938990:T;rs2916067:T	Nonsynonymous	TOLERATED	0.79	1.57	110	ENSG00000090920	FCGBP	ENSFM00570000851079	PRECURSOR	
19,43243238,1,A/G	19,43243238,1,A/G	TTA-TcA	ENST00000327495	ENSP00000332215	L23S	EXON CDS	rs11559136:G;rs78870781:G	Nonsynonymous	TOLERATED	1	2.94	162	ENSG00000221826	PSG3	ENSFM00620000999473	PREGNANCY SPECIFIC BETA 1 GLYCOPROTEIN PRECURSOR PS BETA G PSBG PREGNANCY SPECIFIC GLYCOPROTEIN PREGNANCY SPECIFIC BETA 1 GLYCOPROTEIN PS BETA G PSBG PREGNANCY SPECIFIC GLYCOPROTEIN	
19,44933706,1,C/T	19,44933706,1,C/T	AGC-AaC	ENST00000291187	ENSP00000291187	S417N	EXON CDS	rs57014690:T	Nonsynonymous	TOLERATED	0.36	2.29	135	ENSG00000167383	ZNF229	ENSFM00250000000002	ZINC FINGER	
19,49445817,1,T/C	19,49445817,1,T/C	GTA-GcA	ENST00000221403	ENSP00000221403	V247A	EXON CDS	rs11666105:C	Nonsynonymous	TOLERATED	0.09	1.92	150	ENSG00000104808	DHDH	ENSFM00500000270954	TRANS 1 2 DIHYDROBENZENE 1 2 DIOL DEHYDROGENASE EC_1.3.1.20 D XYLOSE 1 DEHYDROGENASE D XYLOSE NADP DEHYDROGENASE EC_1.1.1.- 179 DIMERIC DIHYDRODIOL DEHYDROGENASE	
19,52250216,1,A/G	19,52250216,1,A/G	ATC-AcC	ENST00000304748	ENSP00000302707	I11T	EXON CDS	CM074875:HGMD_MUTATION;rs5030878:G	Nonsynonymous	TOLERATED	0.57	2.65	78	ENSG00000171051	FPR1	ENSFM00510000502765	N FORMYL PEPTIDE RECEPTOR FMLP RELATED RECEPTOR FMLP R FORMYL PEPTIDE RECEPTOR	
19,52250216,1,A/G	19,52250216,1,A/G	ATC-AcC	ENST00000304748	ENSP00000302707	I11T	EXON CDS	CM074875:HGMD_MUTATION;rs5030878:G	Nonsynonymous	TOLERATED	0.57	2.65	78	ENSG00000171051	FPR1	ENSFM00510000502765	N FORMYL PEPTIDE RECEPTOR FMLP RELATED RECEPTOR FMLP R FORMYL PEPTIDE RECEPTOR	
19,54327313,1,C/A	19,54327313,1,C/A	GGA-GtA	ENST00000324134	ENSP00000319377	G39V	EXON CDS	rs34436714:A	Nonsynonymous	TOLERATED	0.2	2.41	94	ENSG00000142405	NLRP12	ENSFM00570000851015	NACHT LRR AND PYD DOMAINS CONTAINING PYRIN CONTAINING APAF1	
19,54726241,1,C/T	19,54726241,1,C/T	ATG-ATa	ENST00000245620	ENSP00000245620	M88I	EXON CDS	rs77279742:T	Nonsynonymous	TOLERATED	0.37	2.88	247	ENSG00000204577	LILRB3	ENSFM00570000851047	LEUKOCYTE IMMUNOGLOBULIN  RECEPTOR SUBFAMILY MEMBER PRECURSOR CD85 ANTIGEN  FAMILY MEMBER IMMUNOGLOBULIN  TRANSCRIPT ILT RECEPTOR ANTIGEN	
19,54726241,1,C/T	19,54726241,1,C/T	ATG-ATa	ENST00000245620	ENSP00000245620	M88I	EXON CDS	rs77279742:T	Nonsynonymous	TOLERATED	0.37	2.88	247	ENSG00000204577	LILRB3	ENSFM00570000851047	LEUKOCYTE IMMUNOGLOBULIN  RECEPTOR SUBFAMILY MEMBER PRECURSOR CD85 ANTIGEN  FAMILY MEMBER IMMUNOGLOBULIN  TRANSCRIPT ILT RECEPTOR ANTIGEN	
19,54726299,1,A/C	19,54726299,1,A/C	TTG-TgG	ENST00000245620	ENSP00000245620	L69W	EXON CDS	rs80077296:C	Nonsynonymous	TOLERATED	1	2.88	246	ENSG00000204577	LILRB3	ENSFM00570000851047	LEUKOCYTE IMMUNOGLOBULIN  RECEPTOR SUBFAMILY MEMBER PRECURSOR CD85 ANTIGEN  FAMILY MEMBER IMMUNOGLOBULIN  TRANSCRIPT ILT RECEPTOR ANTIGEN	
19,54726299,1,A/C	19,54726299,1,A/C	TTG-TgG	ENST00000245620	ENSP00000245620	L69W	EXON CDS	rs80077296:C	Nonsynonymous	TOLERATED	1	2.88	246	ENSG00000204577	LILRB3	ENSFM00570000851047	LEUKOCYTE IMMUNOGLOBULIN  RECEPTOR SUBFAMILY MEMBER PRECURSOR CD85 ANTIGEN  FAMILY MEMBER IMMUNOGLOBULIN  TRANSCRIPT ILT RECEPTOR ANTIGEN	
19,54726347,1,T/A	19,54726347,1,T/A	CAG-CtG	ENST00000245620	ENSP00000245620	Q53L	EXON CDS	rs76998994:A;rs113396080:A	Nonsynonymous	TOLERATED	1	2.88	245	ENSG00000204577	LILRB3	ENSFM00570000851047	LEUKOCYTE IMMUNOGLOBULIN  RECEPTOR SUBFAMILY MEMBER PRECURSOR CD85 ANTIGEN  FAMILY MEMBER IMMUNOGLOBULIN  TRANSCRIPT ILT RECEPTOR ANTIGEN	
19,54726347,1,T/A	19,54726347,1,T/A	CAG-CtG	ENST00000245620	ENSP00000245620	Q53L	EXON CDS	rs76998994:A;rs113396080:A	Nonsynonymous	TOLERATED	1	2.88	245	ENSG00000204577	LILRB3	ENSFM00570000851047	LEUKOCYTE IMMUNOGLOBULIN  RECEPTOR SUBFAMILY MEMBER PRECURSOR CD85 ANTIGEN  FAMILY MEMBER IMMUNOGLOBULIN  TRANSCRIPT ILT RECEPTOR ANTIGEN	
19,54783375,1,T/A	19,54783375,1,T/A	GAA-GAt	ENST00000314446	ENSP00000319960	E161D	EXON CDS	rs373032:A	Nonsynonymous	TOLERATED	1	2.86	250	ENSG00000131042	LILRB2	ENSFM00570000851047	LEUKOCYTE IMMUNOGLOBULIN  RECEPTOR SUBFAMILY MEMBER PRECURSOR CD85 ANTIGEN  FAMILY MEMBER IMMUNOGLOBULIN  TRANSCRIPT ILT RECEPTOR ANTIGEN	
19,54783375,1,T/A	19,54783375,1,T/A	GAA-GAt	ENST00000314446	ENSP00000319960	E161D	EXON CDS	rs373032:A	Nonsynonymous	TOLERATED	1	2.86	250	ENSG00000131042	LILRB2	ENSFM00570000851047	LEUKOCYTE IMMUNOGLOBULIN  RECEPTOR SUBFAMILY MEMBER PRECURSOR CD85 ANTIGEN  FAMILY MEMBER IMMUNOGLOBULIN  TRANSCRIPT ILT RECEPTOR ANTIGEN	
19,55143083,1,T/C	19,55143083,1,T/C	CTC-CcC	ENST00000324602	ENSP00000315997	L68P	EXON CDS	rs1061679:C	Nonsynonymous	TOLERATED	0.86	2.86	243	ENSG00000104972	LILRB1	ENSFM00570000851047	LEUKOCYTE IMMUNOGLOBULIN  RECEPTOR SUBFAMILY MEMBER PRECURSOR CD85 ANTIGEN  FAMILY MEMBER IMMUNOGLOBULIN  TRANSCRIPT ILT RECEPTOR ANTIGEN	
19,55143083,1,T/C	19,55143083,1,T/C	CTC-CcC	ENST00000324602	ENSP00000315997	L68P	EXON CDS	rs1061679:C	Nonsynonymous	TOLERATED	0.86	2.86	243	ENSG00000104972	LILRB1	ENSFM00570000851047	LEUKOCYTE IMMUNOGLOBULIN  RECEPTOR SUBFAMILY MEMBER PRECURSOR CD85 ANTIGEN  FAMILY MEMBER IMMUNOGLOBULIN  TRANSCRIPT ILT RECEPTOR ANTIGEN	
19,55143083,1,T/C	19,55143083,1,T/C	CTC-CcC	ENST00000324602	ENSP00000315997	L68P	EXON CDS	rs1061679:C	Nonsynonymous	TOLERATED	0.86	2.86	243	ENSG00000104972	LILRB1	ENSFM00570000851047	LEUKOCYTE IMMUNOGLOBULIN  RECEPTOR SUBFAMILY MEMBER PRECURSOR CD85 ANTIGEN  FAMILY MEMBER IMMUNOGLOBULIN  TRANSCRIPT ILT RECEPTOR ANTIGEN	
19,55143083,1,T/C	19,55143083,1,T/C	CTC-CcC	ENST00000324602	ENSP00000315997	L68P	EXON CDS	rs1061679:C	Nonsynonymous	TOLERATED	0.86	2.86	243	ENSG00000104972	LILRB1	ENSFM00570000851047	LEUKOCYTE IMMUNOGLOBULIN  RECEPTOR SUBFAMILY MEMBER PRECURSOR CD85 ANTIGEN  FAMILY MEMBER IMMUNOGLOBULIN  TRANSCRIPT ILT RECEPTOR ANTIGEN	
19,55143452,1,T/C	19,55143452,1,T/C	ATC-AcC	ENST00000324602	ENSP00000315997	I142T	EXON CDS	rs1061680:C	Nonsynonymous	TOLERATED	1	2.86	247	ENSG00000104972	LILRB1	ENSFM00570000851047	LEUKOCYTE IMMUNOGLOBULIN  RECEPTOR SUBFAMILY MEMBER PRECURSOR CD85 ANTIGEN  FAMILY MEMBER IMMUNOGLOBULIN  TRANSCRIPT ILT RECEPTOR ANTIGEN	
19,55143452,1,T/C	19,55143452,1,T/C	ATC-AcC	ENST00000324602	ENSP00000315997	I142T	EXON CDS	rs1061680:C	Nonsynonymous	TOLERATED	1	2.86	247	ENSG00000104972	LILRB1	ENSFM00570000851047	LEUKOCYTE IMMUNOGLOBULIN  RECEPTOR SUBFAMILY MEMBER PRECURSOR CD85 ANTIGEN  FAMILY MEMBER IMMUNOGLOBULIN  TRANSCRIPT ILT RECEPTOR ANTIGEN	
19,55143452,1,T/C	19,55143452,1,T/C	ATC-AcC	ENST00000324602	ENSP00000315997	I142T	EXON CDS	rs1061680:C	Nonsynonymous	TOLERATED	1	2.86	247	ENSG00000104972	LILRB1	ENSFM00570000851047	LEUKOCYTE IMMUNOGLOBULIN  RECEPTOR SUBFAMILY MEMBER PRECURSOR CD85 ANTIGEN  FAMILY MEMBER IMMUNOGLOBULIN  TRANSCRIPT ILT RECEPTOR ANTIGEN	
19,55143452,1,T/C	19,55143452,1,T/C	ATC-AcC	ENST00000324602	ENSP00000315997	I142T	EXON CDS	rs1061680:C	Nonsynonymous	TOLERATED	1	2.86	247	ENSG00000104972	LILRB1	ENSFM00570000851047	LEUKOCYTE IMMUNOGLOBULIN  RECEPTOR SUBFAMILY MEMBER PRECURSOR CD85 ANTIGEN  FAMILY MEMBER IMMUNOGLOBULIN  TRANSCRIPT ILT RECEPTOR ANTIGEN	
19,55143491,1,G/T	19,55143491,1,G/T	AGT-AtT	ENST00000324602	ENSP00000315997	S155I	EXON CDS	rs1061681:T	Nonsynonymous	TOLERATED	1	2.86	247	ENSG00000104972	LILRB1	ENSFM00570000851047	LEUKOCYTE IMMUNOGLOBULIN  RECEPTOR SUBFAMILY MEMBER PRECURSOR CD85 ANTIGEN  FAMILY MEMBER IMMUNOGLOBULIN  TRANSCRIPT ILT RECEPTOR ANTIGEN	
19,55143491,1,G/T	19,55143491,1,G/T	AGT-AtT	ENST00000324602	ENSP00000315997	S155I	EXON CDS	rs1061681:T	Nonsynonymous	TOLERATED	1	2.86	247	ENSG00000104972	LILRB1	ENSFM00570000851047	LEUKOCYTE IMMUNOGLOBULIN  RECEPTOR SUBFAMILY MEMBER PRECURSOR CD85 ANTIGEN  FAMILY MEMBER IMMUNOGLOBULIN  TRANSCRIPT ILT RECEPTOR ANTIGEN	
19,55143491,1,G/T	19,55143491,1,G/T	AGT-AtT	ENST00000324602	ENSP00000315997	S155I	EXON CDS	rs1061681:T	Nonsynonymous	TOLERATED	1	2.86	247	ENSG00000104972	LILRB1	ENSFM00570000851047	LEUKOCYTE IMMUNOGLOBULIN  RECEPTOR SUBFAMILY MEMBER PRECURSOR CD85 ANTIGEN  FAMILY MEMBER IMMUNOGLOBULIN  TRANSCRIPT ILT RECEPTOR ANTIGEN	
19,55143491,1,G/T	19,55143491,1,G/T	AGT-AtT	ENST00000324602	ENSP00000315997	S155I	EXON CDS	rs1061681:T	Nonsynonymous	TOLERATED	1	2.86	247	ENSG00000104972	LILRB1	ENSFM00570000851047	LEUKOCYTE IMMUNOGLOBULIN  RECEPTOR SUBFAMILY MEMBER PRECURSOR CD85 ANTIGEN  FAMILY MEMBER IMMUNOGLOBULIN  TRANSCRIPT ILT RECEPTOR ANTIGEN	
19,55525497,1,A/G	19,55525497,1,A/G	TTT-cTT	ENST00000310373	ENSP00000308782	F606L	EXON CDS	rs1671150:G	Nonsynonymous	TOLERATED	1	4.32	4	ENSG00000088053	GP6	ENSFM00500000276310	PLATELET GLYCOPROTEIN VI PRECURSOR GPVI GLYCOPROTEIN	
19,55869903,1,T/C	19,55869903,1,T/C	CAG-CgG	ENST00000424985	ENSP00000398617	Q778R	EXON CDS	rs67168196:GCTCCTTCATCTCGCCCCATGGCT/-;rs28712579:C;rs67988285:TGCTCCTTCATCTCGCCCCATGGC/-	Nonsynonymous	TOLERATED	0.51	3.32	11	ENSG00000180043	FAM71E2	ENSFM00550000743255	AMBIGUOUS	
19,57723007,1,G/C	19,57723007,1,G/C	AGA-AcA	ENST00000263095	ENSP00000263095	R181T	EXON CDS	rs2074858:C	Nonsynonymous	TOLERATED	0.06	2.48	153	ENSG00000083844	ZNF264	ENSFM00250000000002	ZINC FINGER	
19,57723013,1,G/A	19,57723013,1,G/A	CGT-CaT	ENST00000263095	ENSP00000263095	R183H	EXON CDS	rs917340:A	Nonsynonymous	TOLERATED	0.29	2.48	153	ENSG00000083844	ZNF264	ENSFM00250000000002	ZINC FINGER	
19,57760018,1,G/A	19,57760018,1,G/A	GGG-GaG	ENST00000414468	ENSP00000412999	G68E	EXON CDS	rs2014572:A	Nonsynonymous	TOLERATED	0.33	2.5	153	ENSG00000204524	ZNF805	ENSFM00250000000002	ZINC FINGER	
19,57760057,1,G/A	19,57760057,1,G/A	GGC-GaC	ENST00000414468	ENSP00000412999	G81D	EXON CDS	rs3746231:A	Nonsynonymous	TOLERATED	0.37	2.5	152	ENSG00000204524	ZNF805	ENSFM00250000000002	ZINC FINGER	
19,57764770,1,G/A	19,57764770,1,G/A	GTT-aTT	ENST00000354309	ENSP00000365414	V62I	EXON CDS	rs10421632:A	Nonsynonymous	TOLERATED	0.06	2.93	348	ENSG00000204524	ZNF805	ENSFM00250000000002	ZINC FINGER	
19,57764770,1,G/A	19,57764770,1,G/A	GTT-aTT	ENST00000354309	ENSP00000365414	V62I	EXON CDS	rs10421632:A	Nonsynonymous	TOLERATED	0.06	2.93	348	ENSG00000204524	ZNF805	ENSFM00250000000002	ZINC FINGER	
20,1895889,1,G/C	20,1895889,1,G/C	GGC-GcC	ENST00000356025	ENSP00000348307	G75A	EXON CDS	rs1057114:C;rs72620874:C	Nonsynonymous	TOLERATED	0.19	2.63	122	ENSG00000198053	SIRPA	ENSFM00500000269963	TYROSINE PHOSPHATASE NON RECEPTOR TYPE SUBSTRATE 1 PRECURSOR SHP SUBSTRATE 1 SHPS 1 BRAIN IG  MOLECULE WITH TYROSINE BASED ACTIVATION MOTIFS BIT CD172 ANTIGEN  FAMILY MEMBER A INHIBITORY RECEPTOR SHPS 1 SIGNAL REGULATORY ALPHA 1 SIRP ALPHA 1 CD172A ANTIGE	
20,1895889,1,G/C	20,1895889,1,G/C	GGC-GcC	ENST00000356025	ENSP00000348307	G75A	EXON CDS	rs1057114:C;rs72620874:C	Nonsynonymous	TOLERATED	0.19	2.63	122	ENSG00000198053	SIRPA	ENSFM00500000269963	TYROSINE PHOSPHATASE NON RECEPTOR TYPE SUBSTRATE 1 PRECURSOR SHP SUBSTRATE 1 SHPS 1 BRAIN IG  MOLECULE WITH TYROSINE BASED ACTIVATION MOTIFS BIT CD172 ANTIGEN  FAMILY MEMBER A INHIBITORY RECEPTOR SHPS 1 SIGNAL REGULATORY ALPHA 1 SIRP ALPHA 1 CD172A ANTIGE	
20,1895889,1,G/C	20,1895889,1,G/C	GGC-GcC	ENST00000356025	ENSP00000348307	G75A	EXON CDS	rs1057114:C;rs72620874:C	Nonsynonymous	TOLERATED	0.19	2.63	122	ENSG00000198053	SIRPA	ENSFM00500000269963	TYROSINE PHOSPHATASE NON RECEPTOR TYPE SUBSTRATE 1 PRECURSOR SHP SUBSTRATE 1 SHPS 1 BRAIN IG  MOLECULE WITH TYROSINE BASED ACTIVATION MOTIFS BIT CD172 ANTIGEN  FAMILY MEMBER A INHIBITORY RECEPTOR SHPS 1 SIGNAL REGULATORY ALPHA 1 SIRP ALPHA 1 CD172A ANTIGE	
20,3686436,1,C/T	20,3686436,1,C/T	GTG-aTG	ENST00000202578	ENSP00000202578	V221M	EXON CDS	rs6037651:T	Nonsynonymous	TOLERATED	0.23	1.82	50	ENSG00000088827	SIGLEC1	ENSFM00260000051325	SIALOADHESIN PRECURSOR SIALIC ACID BINDING IG  LECTIN 1 SIGLEC 1	
20,4680251,1,A/G	20,4680251,1,A/G	ATG-gTG	ENST00000379440	ENSP00000368752	M129V	EXON CDS	CM890104:HGMD_MUTATION;rs1799990:G	Nonsynonymous	DAMAGING *Warning! Low confidence.	0.02	4.09	362	ENSG00000171867	PRNP	ENSFM00250000000454	MAJOR PRION PRECURSOR PRP PRP27 30 PRP33 35C CD230 ANTIGEN	
20,4680251,1,A/G	20,4680251,1,A/G	ATG-gTG	ENST00000379440	ENSP00000368752	M129V	EXON CDS	CM890104:HGMD_MUTATION;rs1799990:G	Nonsynonymous	DAMAGING *Warning! Low confidence.	0.02	4.09	362	ENSG00000171867	PRNP	ENSFM00250000000454	MAJOR PRION PRECURSOR PRP PRP27 30 PRP33 35C CD230 ANTIGEN	
20,4680251,1,A/G	20,4680251,1,A/G	ATG-gTG	ENST00000379440	ENSP00000368752	M129V	EXON CDS	CM890104:HGMD_MUTATION;rs1799990:G	Nonsynonymous	DAMAGING *Warning! Low confidence.	0.02	4.09	362	ENSG00000171867	PRNP	ENSFM00250000000454	MAJOR PRION PRECURSOR PRP PRP27 30 PRP33 35C CD230 ANTIGEN	
20,4680251,1,A/G	20,4680251,1,A/G	ATG-gTG	ENST00000379440	ENSP00000368752	M129V	EXON CDS	CM890104:HGMD_MUTATION;rs1799990:G	Nonsynonymous	DAMAGING *Warning! Low confidence.	0.02	4.09	362	ENSG00000171867	PRNP	ENSFM00250000000454	MAJOR PRION PRECURSOR PRP PRP27 30 PRP33 35C CD230 ANTIGEN	
20,4680251,1,A/G	20,4680251,1,A/G	ATG-gTG	ENST00000379440	ENSP00000368752	M129V	EXON CDS	CM890104:HGMD_MUTATION;rs1799990:G	Nonsynonymous	DAMAGING *Warning! Low confidence.	0.02	4.09	362	ENSG00000171867	PRNP	ENSFM00250000000454	MAJOR PRION PRECURSOR PRP PRP27 30 PRP33 35C CD230 ANTIGEN	
22,17589209,1,C/T	22,17589209,1,C/T	GCG-GtG	ENST00000319363	ENSP00000320936	A367V	EXON CDS	rs879577:T	Nonsynonymous	TOLERATED	0.32	2.33	54	ENSG00000177663	IL17RA	ENSFM00250000009031	INTERLEUKIN 17 RECEPTOR A PRECURSOR IL 17 RECEPTOR A IL 17RA CD217 ANTIGEN	
22,19766782,1,C/T	22,19766782,1,C/T	ACG-AtG	ENST00000329705	ENSP00000331176	T350M	EXON CDS	rs4819522:T	Nonsynonymous	TOLERATED	0.13	2.25	117	ENSG00000184058	TBX1	ENSFM00420000140554	T BOX TRANSCRIPTION FACTOR T BOX	
22,19950263,1,G/T	22,19950263,1,G/T	GCA-tCA	ENST00000207636	ENSP00000207636	A72S	EXON CDS	rs6267:T;CM051031:HGMD_MUTATION	Nonsynonymous	DAMAGING	0.01	2.46	113	ENSG00000093010	COMT	ENSFM00500000271337	CATECHOL O METHYLTRANSFERASE EC_2.1.1.6	
22,19950263,1,G/T	22,19950263,1,G/T	GCA-tCA	ENST00000207636	ENSP00000207636	A72S	EXON CDS	rs6267:T;CM051031:HGMD_MUTATION	Nonsynonymous	DAMAGING	0.01	2.46	113	ENSG00000093010	COMT	ENSFM00500000271337	CATECHOL O METHYLTRANSFERASE EC_2.1.1.6	
22,19950263,1,G/T	22,19950263,1,G/T	GCA-tCA	ENST00000207636	ENSP00000207636	A72S	EXON CDS	rs6267:T;CM051031:HGMD_MUTATION	Nonsynonymous	DAMAGING	0.01	2.46	113	ENSG00000093010	COMT	ENSFM00500000271337	CATECHOL O METHYLTRANSFERASE EC_2.1.1.6	
22,19950263,1,G/T	22,19950263,1,G/T	GCA-tCA	ENST00000207636	ENSP00000207636	A72S	EXON CDS	rs6267:T;CM051031:HGMD_MUTATION	Nonsynonymous	DAMAGING	0.01	2.46	113	ENSG00000093010	COMT	ENSFM00500000271337	CATECHOL O METHYLTRANSFERASE EC_2.1.1.6	
22,21327589,1,C/T	22,21327589,1,C/T	CCC-tCC	ENST00000405089	ENSP00000385800	P15S	EXON CDS	rs178264:T	Nonsynonymous	TOLERATED	0.34	4.32	11	ENSG00000183773	AIFM3	ENSFM00250000002168	APOPTOSIS INDUCING FACTOR 3 EC 1 APOPTOSIS INDUCING FACTOR	
22,31006860,1,A/G	22,31006860,1,A/G	ATA-gTA	ENST00000215838	ENSP00000215838	I23V	EXON CDS	rs9606756:G	Nonsynonymous	TOLERATED	0.19	2.79	46	ENSG00000185339	TCN2	ENSFM00250000007360	TRANSCOBALAMIN 2 PRECURSOR TC 2 TRANSCOBALAMIN II TC II TCII	
22,31006860,1,A/G	22,31006860,1,A/G	ATA-gTA	ENST00000215838	ENSP00000215838	I23V	EXON CDS	rs9606756:G	Nonsynonymous	TOLERATED	0.19	2.79	46	ENSG00000185339	TCN2	ENSFM00250000007360	TRANSCOBALAMIN 2 PRECURSOR TC 2 TRANSCOBALAMIN II TC II TCII	
22,31011610,1,G/C	22,31011610,1,G/C	CGT-CcT	ENST00000215838	ENSP00000215838	R259P	EXON CDS	CM022466:HGMD_MUTATION;rs1801198:C	Nonsynonymous	TOLERATED	0.65	2.23	61	ENSG00000185339	TCN2	ENSFM00250000007360	TRANSCOBALAMIN 2 PRECURSOR TC 2 TRANSCOBALAMIN II TC II TCII	
22,31011610,1,G/C	22,31011610,1,G/C	CGT-CcT	ENST00000215838	ENSP00000215838	R259P	EXON CDS	CM022466:HGMD_MUTATION;rs1801198:C	Nonsynonymous	TOLERATED	0.65	2.23	61	ENSG00000185339	TCN2	ENSFM00250000007360	TRANSCOBALAMIN 2 PRECURSOR TC 2 TRANSCOBALAMIN II TC II TCII	
22,31013419,1,C/T	22,31013419,1,C/T	TCT-TtT	ENST00000215838	ENSP00000215838	S348F	EXON CDS	rs9621049:T	Nonsynonymous	TOLERATED	0.8	2.3	63	ENSG00000185339	TCN2	ENSFM00250000007360	TRANSCOBALAMIN 2 PRECURSOR TC 2 TRANSCOBALAMIN II TC II TCII	
22,31013419,1,C/T	22,31013419,1,C/T	TCT-TtT	ENST00000215838	ENSP00000215838	S348F	EXON CDS	rs9621049:T	Nonsynonymous	TOLERATED	0.8	2.3	63	ENSG00000185339	TCN2	ENSFM00250000007360	TRANSCOBALAMIN 2 PRECURSOR TC 2 TRANSCOBALAMIN II TC II TCII	
22,38485540,1,A/G	22,38485540,1,A/G	TGC-cGC	ENST00000381669	ENSP00000371085	C252R	EXON CDS	rs17856487:G	Nonsynonymous	TOLERATED	0.48	2.45	66	ENSG00000128298	BAIAP2L2	ENSFM00500000271975	BRAIN SPECIFIC ANGIOGENESIS INHIBITOR 1 ASSOCIATED 2  2 BAI1 ASSOCIATED 2  2	
22,44379838,1,A/G	22,44379838,1,A/G	ATC-gTC	ENST00000350028	ENSP00000345445	I345V	EXON CDS	rs8418:G	Nonsynonymous	TOLERATED	1	1.83	144	ENSG00000100347	SAMM50	ENSFM00500000271410	SORTING AND ASSEMBLY MACHINERY COMPONENT 50 HOMOLOG	
X,3631167,1,A/G	X,3631167,1,A/G	GTG-GcG	ENST00000262848	ENSP00000262848	V43A	EXON CDS	rs3752362:G	Nonsynonymous	TOLERATED	0.18	3.09	319	ENSG00000183943	PRKX	ENSFM00400000131743	CAMP DEPENDENT KINASE CATALYTIC SUBUNIT PKA C EC_2.7.11.11	
X,73641569,1,T/C	X,73641569,1,T/C	TCT-cCT	ENST00000276033	ENSP00000276033	S107P	EXON CDS	rs6647476:C	Nonsynonymous	TOLERATED	0.47	3.08	32	ENSG00000147100	SLC16A2	ENSFM00300000079142	MONOCARBOXYLATE TRANSPORTER 10 MCT 10 AROMATIC AMINO ACID TRANSPORTER 1 SOLUTE CARRIER FAMILY 16 MEMBER 10 T TYPE AMINO ACID TRANSPORTER 1	
X,153278829,1,G/A	X,153278829,1,G/A	TCG-TtG	ENST00000369974	ENSP00000358991	S453L	EXON CDS	rs1059703:A	Nonsynonymous	TOLERATED	0.38	2.48	68	ENSG00000184216	IRAK1	ENSFM00500000270928	INTERLEUKIN 1 RECEPTOR ASSOCIATED KINASE 1 IRAK 1 EC_2.7.11.1	
X,153278829,1,G/A	X,153278829,1,G/A	TCG-TtG	ENST00000369974	ENSP00000358991	S453L	EXON CDS	rs1059703:A	Nonsynonymous	TOLERATED	0.38	2.48	68	ENSG00000184216	IRAK1	ENSFM00500000270928	INTERLEUKIN 1 RECEPTOR ASSOCIATED KINASE 1 IRAK 1 EC_2.7.11.1	
X,153284192,1,A/G	X,153284192,1,A/G	TTT-TcT	ENST00000369973	ENSP00000358990	F222S	EXON CDS	rs1059702:G	Nonsynonymous	TOLERATED	0.44	2.59	93	ENSG00000184216	IRAK1	ENSFM00500000270928	INTERLEUKIN 1 RECEPTOR ASSOCIATED KINASE 1 IRAK 1 EC_2.7.11.1	
X,153284192,1,A/G	X,153284192,1,A/G	TTT-TcT	ENST00000369973	ENSP00000358990	F222S	EXON CDS	rs1059702:G	Nonsynonymous	TOLERATED	0.44	2.59	93	ENSG00000184216	IRAK1	ENSFM00500000270928	INTERLEUKIN 1 RECEPTOR ASSOCIATED KINASE 1 IRAK 1 EC_2.7.11.1	
X,153284192,1,A/G	X,153284192,1,A/G	TTT-TcT	ENST00000369973	ENSP00000358990	F222S	EXON CDS	rs1059702:G	Nonsynonymous	TOLERATED	0.44	2.59	93	ENSG00000184216	IRAK1	ENSFM00500000270928	INTERLEUKIN 1 RECEPTOR ASSOCIATED KINASE 1 IRAK 1 EC_2.7.11.1	
1,78098403,1,T/C	1,78098403,1,T/C	-				NON-GENIC	N/A	N/A	Not scored	N/A	N/A	N/A					
2,220046975,1,C/A	2,220046975,1,C/A	-				NON-GENIC	N/A	N/A	Not scored	N/A	N/A	N/A					
10,50183042,1,G/A	10,50183042,1,G/A	-				NON-GENIC	N/A	N/A	Not scored	N/A	N/A	N/A					
15,59981515,1,A/G	15,59981515,1,A/G	-				NON-GENIC	N/A	N/A	Not scored	N/A	N/A	N/A					
15,59981590,1,G/A	15,59981590,1,G/A	-				NON-GENIC	N/A	N/A	Not scored	N/A	N/A	N/A					
17,67273882,1,C/A	17,67273882,1,C/A	-				NON-GENIC	N/A	N/A	Not scored	N/A	N/A	N/A					
17,67273882,1,C/A	17,67273882,1,C/A	-				NON-GENIC	N/A	N/A	Not scored	N/A	N/A	N/A					
19,53911973,1,A/G	19,53911973,1,A/G	-				NON-GENIC	N/A	N/A	Not scored	N/A	N/A	N/A					
